Virus,Number_of_Sequences,Number_of_Nucleotides,data_source,p-value Syn A->G  CpG v NonCpG ,p-value NonSyn A->G CpG v NonCpG,p-value A->G Syn v NonSyn,p-value Syn T->C CpG v NonCpG ,p-value NonSyn T->C  CpG v NonCpG,p-value T->C Syn v NonSyn,Ratio nonCpG/CpG A->G Syn,Ratio nonCpG/CpG T->C Syn,,,,,
Dengue 1,1783,10176,NCBI GenBank 2019,<0.01,<0.01,<0.01,<0.01,<0.01,<0.01,3.06,4.37,,,,,
Dengue 2,1466,10173,NCBI GenBank 2019,<0.01,0.0128,<0.01,<0.01,0.0297,<0.01,1.57,1.89,,,,,
Dengue 3,959,10170,NCBI GenBank 2019,<0.01,0.0191,<0.01,<0.01,<0.01,<0.01,2.90,3.54,,,,,
Dengue 4,256,10206,NCBI GenBank 2019,<0.01,0.0724,<0.01,<0.01,<0.01,<0.01,1.83,2.42,,,,,
HCV 1 A,414,9033,NCBI GenBank 2019,0.021,0.385,<0.01,0.027,0.193,<0.01,1.33,1.35,,,,,
HCV 1 B,243,9033,NCBI GenBank 2019,<0.01,0.891,<0.01,<0.01,<0.01,<0.01,1.27,1.25,,,,,
HIV pol gene,2956,3231,HIV Database,<0.01,<0.01,<0.01,<0.01,0.156,<0.01,2.71,6.34,,,,,
Human Parainfluenza 1 HN,340,1728,NCBI GenBank 2019,<0.01,0.68,<0.01,0.0132,0.214,<0.01,0.22,0.70,,,,,
Human Parainfluenza 3 HN,702,1725,NCBI GenBank 2019,0.271,0.45,<0.01,<0.01,0.782,<0.01,2.05,1.73,,,,,
Human Parainfluenza 1,99,14397,NCBI GenBank 2019,<0.01,0.378,<0.01,<0.01,<0.01,<0.01,1.69,2.12,,,,,
Human Parainfluenza 3,452,14469,NCBI GenBank 2019,<0.01,0.0151,<0.01,<0.01,<0.01,<0.01,1.75,2.49,,,,,
Influenza A NA H3N2,19095,1710,NCBI GenBank 2019,<0.01,0.224,<0.01,<0.01,0.126,<0.01,7.20,2.31,,,,,
Influenza A HA H1N1,24005,1701,NCBI GenBank 2019,<0.01,0.328,<0.01,<0.01,<0.01,<0.01,4.44,2.94,,,,,
Influenza A HA H3N2,19226,1410,NCBI GenBank 2019,<0.01,0.0628,<0.01,<0.01,<0.01,<0.01,2.40,2.85,,,,,
Influenza A NA H1N1,2428,1407,NCBI GenBank 2019,<0.01,0.19,<0.01,<0.01,<0.01,<0.01,9.03,4.05,,,,,
Influenza B HA,1054,1755,NCBI GenBank 2019,<0.01,0.0946,<0.01,<0.01,0.162,<0.01,1.62,0.96,,,,,
Influenza B NA,3852,1398,NCBI GenBank 2019,<0.01,0.0413,<0.01,<0.01,0.199,<0.01,1.62,2.42,,,,,
Entero A VP1 EVA71,3866,894,Virus Pathogen Resource,<0.01,0.384,<0.01,0.0221,0.253,<0.01,1.77,1.64,,,,,
Entero A VP2 EVA71,575,294,Virus Pathogen Resource,0.0783,0.477,<0.01,0.0847,0.545,<0.01,2.22,1.62,,,,,
Entero B VP1 Echovirus30,2419,876,Virus Pathogen Resource,0.0178,0.664,<0.01,0.412,0.204,<0.01,0.39,0.37,,,,,
Entero B VP2 Echovirus30,413,750,Virus Pathogen Resource,<0.01,<0.01,<0.01,0.128,0.196,<0.01,1.23,1.32,,,,,
Entero C VP1 Polio2,1342,906,Virus Pathogen Resource,<0.01,0.288,<0.01,0.0247,0.126,<0.01,1.75,1.57,,,,,
Entero C VP2 Polio2,574,813,Virus Pathogen Resource,<0.01,0.926,<0.01,<0.01,0.488,<0.01,1.57,2.07,,,,,
Entero D68 VP1,528,546,Virus Pathogen Resource,0.0158,0.12,<0.01,<0.01,0.897,<0.01,3.45,3.49,,,,,
Human Respiratory Syncytial,1071,13437,NCBI GenBank 2019,<0.01,0.154,<0.01,<0.01,<0.01,<0.01,4.40,3.60,,,,,
Measles HH,799,1851,NCBI GenBank 2019,<0.01,0.0929,<0.01,<0.01,0.0258,<0.01,1.73,2.20,,,,,
Rhino B,41,6579,NCBI GenBank 2019,<0.01,<0.01,<0.01,<0.01,0.0426,<0.01,4.84,3.17,,,,,
Rhino C,69,6531,NCBI GenBank 2019,<0.01,<0.01,1,0.38,<0.01,1,1.75,1.81,,,,,
Rota A VP6,4331,1197,NCBI GenBank 2019,0.0105,0.0228,<0.01,0.0201,0.0346,<0.01,1.75,1.55,,,,,
Bk Polyoma VP1,3164,1089,NCBI GenBank 2019,<0.01,0.158,<0.01,<0.01,0.189,<0.01,100.29,237.84,,,,,
Human Boca 1 VP1,211,2013,NCBI GenBank 2019,0.195,0.0873,<0.01,0.258,0.141,<0.01,15.70,9.00,,,,,
HBV A Polymerase,264,852,NCBI GenBank 2019,0.389,0.347,0.192,0.15,<0.01,0.41,1.17,59.65,,,,,
HBV A S,263,837,NCBI GenBank 2019,0.291,0.262,0.153,0.155,<0.01,0.392,1.77,77.12,,,,,
HBV B Polymerase,298,909,NCBI GenBank 2019,0.351,0.832,0.017,0.154,0.453,<0.01,3.21,1.70,,,,,
HBV B PreC-Core,344,639,NCBI GenBank 2019,0.764,0.199,<0.01,0.212,0.526,<0.01,1.08,6.53,,,,,
HBV C polymerase,499,1635,NCBI GenBank 2019,0.0176,0.218,<0.01,0.212,0.545,<0.01,1.70,1.60,,,,,
HBV C PreC-Core,583,639,NCBI GenBank 2019,0.047,0.876,<0.01,0.788,0.599,<0.01,13.10,1.37,,,,,
HBV C S,2224,834,NCBI GenBank 2019,0.646,0.153,0.0179,0.249,0.213,0.82,0.48,28.31,,,,,
Herpes 2 Glycoprotein G,312,2109,NCBI GenBank 2019,0.193,0.529,0.678,0.972,0.268,<0.01,4.99,0.03,,,,,
Human Papilloma 16 L1,1104,1518,NCBI GenBank 2019,0.0965,0.456,<0.01,0.102,0.577,<0.01,1.09,0.57,,,,,
Parvo B19 NS1,155,2016,NCBI GenBank 2019,<0.01,0.805,<0.01,<0.01,0.22,<0.01,4.65,3.49,,,,,
Parvo B19 VP1,268,2343,NCBI GenBank 2019,<0.01,0.645,<0.01,<0.01,0.711,<0.01,20.16,3.99,,,,,
,,,,,,,,,,,,,,,,
,,,,,,,,,,,,,,,,
,,,,,,,,,,,,,,,,