File,Consensus_a_Syn_CpG_v_NonCpG,Consensus_a_NonSyn_CpG_v_NonCpG,Consensus_a_Syn_v_NonSyn,Consensus_t_Syn_CpG_v_NonCpG,Consensus_t_NonSyn_CpG_v_NonCpG,Consensus_t_Syn_v_NonSyn,Ancestor_a_Syn_CpG_v_NonCpG,Ancestor_a_NonSyn_CpG_v_NonCpG,Ancestor_a_Syn_v_NonSyn,Ancestor_t_Syn_CpG_v_NonCpG,Ancestor_t_NonSyn_CpG_v_NonCpG,Ancestor_t_Syn_v_NonSyn
BKPolyomavirus_VP1.fasta,1,0,1,1,0,1,0,0,1,1,0,1
Denguevirus1.fasta,1,1,1,1,1,1,1,1,1,1,1,1
Denguevirus2.fasta,1,1,1,1,1,1,1,1,1,1,1,1
Denguevirus3.fasta,1,1,1,1,1,1,1,0,1,1,1,1
Denguevirus4.fasta,1,0,1,1,1,1,1,0,1,1,0,1
EnteroD68_VP1.fasta,1,0,1,1,0,1,1,0,1,1,0,1
Enterovirus_C_VP2_Polio2.fasta,1,0,1,1,0,1,1,0,1,1,0,1
EnterovirusA_VP1_EVA71.fasta,1,0,1,1,0,1,1,0,1,0,0,1
EnterovirusA_VP2_EVA71.fasta,0,0,1,0,0,1,1,0,1,0,0,1
EnterovirusB_VP1_Echovirus30.fasta,1,0,1,0,0,1,1,0,1,0,0,1
EnterovirusB_VP2.fasta,1,1,1,0,0,1,1,1,1,0,0,1
EnterovirusC_VP1_Polio2.fasta,1,0,1,1,0,1,0,0,1,0,0,1
HBV_A_Polymerase.fasta,0,0,0,0,1,0,0,0,0,0,1,1
HBV_A_S.fasta,0,0,0,0,1,0,0,0,0,0,1,0
HBV_B_Polymerase.fasta,0,0,1,0,0,1,0,0,1,0,0,1
HBV_B_PreC-Core.fasta,0,0,1,0,0,1,0,0,1,0,0,1
HBV_C_polymerase.fasta,1,0,1,0,0,1,0,0,1,0,0,1
HBV_C_PreC-Core.fasta,1,0,1,0,0,1,0,0,1,0,0,1
HBV_C_S.fasta,0,0,1,0,0,0,0,1,1,0,0,0
HCV1A_CDS_Alignment.fasta,1,0,1,1,0,1,1,0,1,1,0,1
HCV1B_CDS_alignment.fasta,1,0,1,1,1,1,1,0,1,1,1,1
HIV1_FLT_2017_pol_DNA.fasta,1,1,1,1,0,1,1,0,1,1,0,1
Human_Parainfluenza3_HN.fasta,0,0,1,1,0,1,0,0,1,1,0,1
HumanBoca_VP1.fasta,0,0,1,0,0,1,0,0,1,0,0,1
HumanHerpes2gG_CDS.fasta,0,0,0,0,0,1,0,0,0,0,0,1
HumanPapilloma16_L1.fasta,0,0,1,0,0,1,0,0,1,0,0,1
HumanParainfluenzavirus1_CDS_only.fasta,1,0,1,1,1,1,1,0,1,1,1,1
HumanRespiratorySyncytial_CDS.fasta,1,0,1,1,1,1,1,0,1,1,1,1
InfluenzaAvirus_HA_H1N1_alignment.fasta,1,0,1,1,1,1,1,0,1,1,1,1
InfluenzaAvirus_HA_H3N2_alignment.fasta,1,0,1,1,1,1,1,0,1,1,1,1
InfluenzaAvirus_NA_H1N1_alignment.fasta,1,0,1,1,1,1,1,0,1,1,1,1
InfluenzaAvirus_NA_H3N2_alignment.fasta,1,0,1,1,0,1,1,0,1,1,0,1
InfluenzaB_HA.fasta,1,0,1,1,0,1,1,0,1,1,0,1
InfluenzaB_NA.fasta,1,1,1,1,0,1,1,1,1,1,0,1
Measles_hemagglutinin_alignment.fasta,1,0,1,1,1,1,1,0,1,1,0,1
Parainfluenza1_HN.fasta,1,0,1,1,0,1,1,0,1,1,0,1
Parainfulenza3_CDS.fasta,1,1,1,1,1,1,1,1,1,1,1,1
ParovirusB19_NS1_alignment.fasta,1,0,1,1,0,1,1,0,1,1,0,1
Parovovirus_B19_VP1_alignment.fasta,1,0,1,1,0,1,1,0,1,1,0,1
RhinovirusB alignment.fasta,1,1,1,1,1,1,1,1,1,1,0,1
RhinovirusC.fasta,1,1,0,0,1,0,1,1,0,1,0,1
RotavirusA_VP6_alignment.fasta,1,1,1,1,1,1,1,0,1,1,1,1