"","num","Freq","wtnt_consensus","aFreq","ancestor","Virus","WTAA_consensus","WTAA_ancestor","MUTAA","MUTAA_ancestor","bigAAchange","big_Ancestor_AAchange","makesCpG","ancestor_makesCpG","TypeOfSite","ancestor_TypeOfSite"
"1",1,0.000745156482861401,"g",0.000745156482861401,"g","EnterovirusC_VP1_Polio2","G","G","R","R","1","1",0,0,"nonsyn","nonsyn"
"2",2,0,"g",0,"g","EnterovirusC_VP1_Polio2","G","G","E","E","1","1",0,0,"nonsyn","nonsyn"
"3",3,0.0141579731743666,"a",0.0141579731743666,"a","EnterovirusC_VP1_Polio2","G","G","G","G","0","0",0,0,"syn","syn"
"4",4,0.00670640834575261,"a",0.00670640834575261,"a","EnterovirusC_VP1_Polio2","I","I","V","V","0","0",0,0,"nonsyn","nonsyn"
"5",5,0,"t",0,"t","EnterovirusC_VP1_Polio2","I","I","T","T","1","1",0,0,"nonsyn","nonsyn"
"6",6,0.00819672131147541,"t",0.00819672131147541,"t","EnterovirusC_VP1_Polio2","I","I","I","I","0","0",1,1,"syn","syn"
"7",7,0.00596125186289121,"g",0.00596125186289121,"g","EnterovirusC_VP1_Polio2","G","G","S","S","1","1",0,0,"nonsyn","nonsyn"
"8",8,0.00670640834575261,"g",0.00670640834575261,"g","EnterovirusC_VP1_Polio2","G","G","D","D","1","1",0,0,"nonsyn","nonsyn"
"9",9,0.0305514157973174,"t",0.0305514157973174,"t","EnterovirusC_VP1_Polio2","G","G","G","G","0","0",1,1,"syn","syn"
"10",10,0.003725782414307,"g",0.003725782414307,"g","EnterovirusC_VP1_Polio2","D","D","N","N","1","1",0,0,"nonsyn","nonsyn"
"11",11,0.040983606557377,"a",0.040983606557377,"a","EnterovirusC_VP1_Polio2","D","D","G","G","1","1",0,0,"nonsyn","nonsyn"
"12",12,0.140089418777943,"c",0.140089418777943,"c","EnterovirusC_VP1_Polio2","D","D","D","D","0","0",0,0,"syn","syn"
"13",13,0.110283159463487,"a",0.871087928464978,"g","EnterovirusC_VP1_Polio2","M","M","V","M","0","0",1,0,"nonsyn","syn"
"14",14,0.00745156482861401,"t",0.00745156482861401,"t","EnterovirusC_VP1_Polio2","M","M","T","A","1","0",1,1,"nonsyn","nonsyn"
"15",15,0.0864381520119225,"g",0.0864381520119225,"g","EnterovirusC_VP1_Polio2","M","M","I","V","0","0",0,0,"nonsyn","nonsyn"
"16",16,0.0014903129657228,"a",0.0014903129657228,"a","EnterovirusC_VP1_Polio2","I","I","V","V","0","0",0,0,"nonsyn","nonsyn"
"17",17,0.0014903129657228,"t",0.0014903129657228,"t","EnterovirusC_VP1_Polio2","I","I","T","T","1","1",0,0,"nonsyn","nonsyn"
"18",18,0.014903129657228,"t",0.014903129657228,"t","EnterovirusC_VP1_Polio2","I","I","I","I","0","0",1,1,"syn","syn"
"19",19,0,"g",0,"g","EnterovirusC_VP1_Polio2","E","E","K","K","1","1",0,0,"nonsyn","nonsyn"
"20",20,0,"a",0,"a","EnterovirusC_VP1_Polio2","E","E","G","G","1","1",0,0,"nonsyn","nonsyn"
"21",21,0.0484351713859911,"g",0.0484351713859911,"g","EnterovirusC_VP1_Polio2","E","E","E","E","0","0",0,0,"syn","syn"
"22",22,0.000745156482861401,"g",0.000745156482861401,"g","EnterovirusC_VP1_Polio2","G","G","R","R","1","1",0,0,"nonsyn","nonsyn"
"23",23,0.00521609538002981,"g",0.00521609538002981,"g","EnterovirusC_VP1_Polio2","G","G","E","E","1","1",0,0,"nonsyn","nonsyn"
"24",24,0.0655737704918033,"g",0.0655737704918033,"g","EnterovirusC_VP1_Polio2","G","G","G","G","0","0",0,0,"syn","syn"
"25",25,0.00968703427719821,"g",0.00968703427719821,"g","EnterovirusC_VP1_Polio2","A","A","T","T","1","1",0,0,"nonsyn","nonsyn"
"26",26,0.011177347242921,"c",0.011177347242921,"c","EnterovirusC_VP1_Polio2","A","A","V","V","0","0",0,0,"nonsyn","nonsyn"
"27",27,0.0447093889716841,"c",0.0447093889716841,"c","EnterovirusC_VP1_Polio2","A","A","A","A","0","0",0,0,"syn","syn"
"28",28,0.0648286140089419,"g",0.926974664679583,"a","EnterovirusC_VP1_Polio2","V","V","I","V","0","0",0,1,"nonsyn","syn"
"29",29,0,"t",0,"t","EnterovirusC_VP1_Polio2","V","V","A","T","0","1",0,0,"nonsyn","nonsyn"
"30",30,0.0402384500745156,"t",0.0402384500745156,"t","EnterovirusC_VP1_Polio2","V","V","V","I","0","0",1,1,"syn","nonsyn"
"31",31,0.000745156482861401,"g",0.000745156482861401,"g","EnterovirusC_VP1_Polio2","E","E","K","K","1","1",0,0,"nonsyn","nonsyn"
"32",32,0,"a",0,"a","EnterovirusC_VP1_Polio2","E","E","G","G","1","1",0,0,"nonsyn","nonsyn"
"33",33,0.0946348733233979,"a",0.895678092399404,"g","EnterovirusC_VP1_Polio2","E","E","E","E","0","0",0,0,"syn","syn"
"34",34,0.0014903129657228,"g",0.0014903129657228,"g","EnterovirusC_VP1_Polio2","G","G","R","R","1","1",0,0,"nonsyn","nonsyn"
"35",35,0.0022354694485842,"g",0.0022354694485842,"g","EnterovirusC_VP1_Polio2","G","G","E","E","1","1",0,0,"nonsyn","nonsyn"
"36",36,0.018628912071535,"g",0.018628912071535,"g","EnterovirusC_VP1_Polio2","G","G","G","G","0","0",0,0,"syn","syn"
"37",37,0.00521609538002981,"a",0.00521609538002981,"a","EnterovirusC_VP1_Polio2","I","I","V","V","0","0",0,0,"nonsyn","nonsyn"
"38",38,0.0029806259314456,"t",0.0029806259314456,"t","EnterovirusC_VP1_Polio2","I","I","T","T","1","1",0,0,"nonsyn","nonsyn"
"39",39,0.309985096870343,"t",0.309985096870343,"t","EnterovirusC_VP1_Polio2","I","I","I","I","0","0",0,0,"syn","syn"
"40",40,0.00819672131147541,"a",0.00819672131147541,"a","EnterovirusC_VP1_Polio2","T","T","A","A","1","1",0,0,"nonsyn","nonsyn"
"41",41,0.0014903129657228,"c",0.0014903129657228,"c","EnterovirusC_VP1_Polio2","T","T","I","I","1","1",0,0,"nonsyn","nonsyn"
"42",42,0.141579731743666,"t",0.141579731743666,"t","EnterovirusC_VP1_Polio2","T","T","T","T","0","0",0,0,"syn","syn"
"43",43,0,"a",0,"a","EnterovirusC_VP1_Polio2","K","K","E","E","1","1",0,0,"nonsyn","nonsyn"
"44",44,0.00819672131147541,"a",0.00819672131147541,"a","EnterovirusC_VP1_Polio2","K","K","R","R","0","0",0,0,"nonsyn","nonsyn"
"45",45,0.0894187779433681,"a",0.0894187779433681,"a","EnterovirusC_VP1_Polio2","K","K","K","K","0","0",0,0,"syn","syn"
"46",46,0.0193740685543964,"a",0.0193740685543964,"a","EnterovirusC_VP1_Polio2","N","N","D","D","1","1",0,0,"nonsyn","nonsyn"
"47",47,0.0134128166915052,"a",0.0134128166915052,"a","EnterovirusC_VP1_Polio2","N","N","S","S","0","0",0,0,"nonsyn","nonsyn"
"48",48,0.0357675111773472,"t",0.0357675111773472,"t","EnterovirusC_VP1_Polio2","N","N","N","N","0","0",1,1,"syn","syn"
"49",49,0.0022354694485842,"g",0.0022354694485842,"g","EnterovirusC_VP1_Polio2","A","A","T","T","1","1",0,0,"nonsyn","nonsyn"
"50",50,0.003725782414307,"c",0.003725782414307,"c","EnterovirusC_VP1_Polio2","A","A","V","V","0","0",0,0,"nonsyn","nonsyn"
"51",51,0.0923994038748137,"a",0.0923994038748137,"a","EnterovirusC_VP1_Polio2","A","A","A","A","0","0",1,1,"syn","syn"
"52",52,0.0365126676602086,"t",0.0365126676602086,"t","EnterovirusC_VP1_Polio2","L","L","L","L","0","0",0,0,"syn","syn"
"53",53,0,"t",0,"t","EnterovirusC_VP1_Polio2","L","L","S","S","1","1",1,1,"nonsyn","nonsyn"
"54",54,0.0119225037257824,"g",0.0119225037257824,"g","EnterovirusC_VP1_Polio2","L","L","L","L","0","0",0,0,"syn","syn"
"55",55,0.0208643815201192,"g",0.0208643815201192,"g","EnterovirusC_VP1_Polio2","V","V","I","I","0","0",0,0,"nonsyn","nonsyn"
"56",56,0.114008941877794,"t",0.114008941877794,"t","EnterovirusC_VP1_Polio2","V","V","A","A","0","0",0,0,"nonsyn","nonsyn"
"57",57,0.0178837555886736,"t",0.0178837555886736,"t","EnterovirusC_VP1_Polio2","V","V","V","V","0","0",0,0,"syn","syn"
"58",58,0.0022354694485842,"c",0.0022354694485842,"c","EnterovirusC_VP1_Polio2","P","P","S","S","1","1",0,0,"nonsyn","nonsyn"
"59",59,0.0812220566318927,"c",0.0812220566318927,"c","EnterovirusC_VP1_Polio2","P","P","L","L","1","1",0,0,"nonsyn","nonsyn"
"60",60,0.00521609538002981,"c",0.00521609538002981,"c","EnterovirusC_VP1_Polio2","P","P","P","P","0","0",0,0,"syn","syn"
"61",61,0.0931445603576751,"c",0.0931445603576751,"c","EnterovirusC_VP1_Polio2","P","P","S","L","1","1",0,0,"nonsyn","nonsyn"
"62",62,0.347988077496274,"c",0.644560357675112,"t","EnterovirusC_VP1_Polio2","P","P","L","P","1","0",0,1,"nonsyn","syn"
"63",63,0.171385991058122,"g",0.171385991058122,"g","EnterovirusC_VP1_Polio2","P","P","P","L","0","1",0,0,"syn","nonsyn"
"64",64,0.0126676602086438,"a",0.0126676602086438,"a","EnterovirusC_VP1_Polio2","T","T","A","A","1","1",0,0,"nonsyn","nonsyn"
"65",65,0.00670640834575261,"c",0.00670640834575261,"c","EnterovirusC_VP1_Polio2","T","T","I","I","1","1",0,0,"nonsyn","nonsyn"
"66",66,0.125186289120715,"t",0.125186289120715,"t","EnterovirusC_VP1_Polio2","T","T","T","T","0","0",0,0,"syn","syn"
"67",67,0.018628912071535,"t",0.018628912071535,"t","EnterovirusC_VP1_Polio2","S","S","P","P","1","1",0,0,"nonsyn","nonsyn"
"68",68,0.0014903129657228,"c",0.0014903129657228,"c","EnterovirusC_VP1_Polio2","S","S","F","F","1","1",0,0,"nonsyn","nonsyn"
"69",69,0.0327868852459016,"c",0.0327868852459016,"c","EnterovirusC_VP1_Polio2","S","S","S","S","0","0",0,0,"syn","syn"
"70",70,0.026080476900149,"a",0.026080476900149,"a","EnterovirusC_VP1_Polio2","T","T","A","A","1","1",1,1,"nonsyn","nonsyn"
"71",71,0.00521609538002981,"c",0.00521609538002981,"c","EnterovirusC_VP1_Polio2","T","T","I","I","1","1",0,0,"nonsyn","nonsyn"
"72",72,0.029806259314456,"c",0.029806259314456,"c","EnterovirusC_VP1_Polio2","T","T","T","T","0","0",0,0,"syn","syn"
"73",73,0.022354694485842,"a",0.022354694485842,"a","EnterovirusC_VP1_Polio2","N","N","D","D","1","1",1,1,"nonsyn","nonsyn"
"74",74,0.0387481371087928,"a",0.0387481371087928,"a","EnterovirusC_VP1_Polio2","N","N","S","S","0","0",0,0,"nonsyn","nonsyn"
"75",75,0.0283159463487332,"t",0.963487332339791,"c","EnterovirusC_VP1_Polio2","N","N","N","N","0","0",0,0,"syn","syn"
"76",76,0.014903129657228,"a",0.014903129657228,"a","EnterovirusC_VP1_Polio2","S","S","G","G","1","1",0,1,"nonsyn","nonsyn"
"77",77,0.0193740685543964,"g",0.0193740685543964,"g","EnterovirusC_VP1_Polio2","S","S","N","N","0","0",0,0,"nonsyn","nonsyn"
"78",78,0.0797317436661699,"c",0.0797317436661699,"c","EnterovirusC_VP1_Polio2","S","S","S","S","0","0",0,0,"syn","syn"
"79",79,0.018628912071535,"c",0.018628912071535,"c","EnterovirusC_VP1_Polio2","L","L","L","L","0","0",0,0,"syn","syn"
"80",80,0,"t",0,"t","EnterovirusC_VP1_Polio2","L","L","P","P","1","1",1,1,"nonsyn","nonsyn"
"81",81,0.103576751117735,"g",0.103576751117735,"g","EnterovirusC_VP1_Polio2","L","L","L","L","0","0",0,0,"syn","syn"
"82",82,0,"c",0,"c","EnterovirusC_VP1_Polio2","P","P","S","S","1","1",0,0,"nonsyn","nonsyn"
"83",83,0,"c",0,"c","EnterovirusC_VP1_Polio2","P","P","L","L","1","1",0,0,"nonsyn","nonsyn"
"84",84,0.0514157973174367,"t",0.0514157973174367,"t","EnterovirusC_VP1_Polio2","P","P","P","P","0","0",1,1,"syn","syn"
"85",85,0.0022354694485842,"g",0.0022354694485842,"g","EnterovirusC_VP1_Polio2","D","D","N","N","1","1",0,0,"nonsyn","nonsyn"
"86",86,0,"a",0,"a","EnterovirusC_VP1_Polio2","D","D","G","G","1","1",0,0,"nonsyn","nonsyn"
"87",87,0.029806259314456,"c",0.029806259314456,"c","EnterovirusC_VP1_Polio2","D","D","D","D","0","0",0,0,"syn","syn"
"88",88,0,"a",0,"a","EnterovirusC_VP1_Polio2","T","T","A","A","1","1",1,1,"nonsyn","nonsyn"
"89",89,0.00745156482861401,"c",0.00745156482861401,"c","EnterovirusC_VP1_Polio2","T","T","I","I","1","1",0,0,"nonsyn","nonsyn"
"90",90,0.00745156482861401,"a",0.00745156482861401,"a","EnterovirusC_VP1_Polio2","T","T","T","T","0","0",1,1,"syn","syn"
"91",91,0.0029806259314456,"a",0,"c","EnterovirusC_VP1_Polio2","K","K","E","*","1","1",0,0,"nonsyn","nonsense"
"92",92,0.0156482861400894,"a",0.0156482861400894,"a","EnterovirusC_VP1_Polio2","K","K","R","R","0","0",0,1,"nonsyn","nonsyn"
"93",93,0.0655737704918033,"g",0.0655737704918033,"g","EnterovirusC_VP1_Polio2","K","K","K","Q","0","1",0,0,"syn","nonsyn"
"94",94,0.0126676602086438,"c",0.0126676602086438,"c","EnterovirusC_VP1_Polio2","P","P","S","S","1","1",0,0,"nonsyn","nonsyn"
"95",95,0.0029806259314456,"c",0.0029806259314456,"c","EnterovirusC_VP1_Polio2","P","P","L","L","1","1",0,0,"nonsyn","nonsyn"
"96",96,0.0163934426229508,"g",0.0163934426229508,"g","EnterovirusC_VP1_Polio2","P","P","P","P","0","0",0,0,"syn","syn"
"97",97,0.000745156482861401,"a",0.000745156482861401,"a","EnterovirusC_VP1_Polio2","S","S","G","G","1","1",0,0,"nonsyn","nonsyn"
"98",98,0.000745156482861401,"g",0.000745156482861401,"g","EnterovirusC_VP1_Polio2","S","S","N","N","0","0",0,0,"nonsyn","nonsyn"
"99",99,0.0909090909090909,"c",0.901639344262295,"t","EnterovirusC_VP1_Polio2","S","S","S","S","0","0",0,1,"syn","syn"
"100",100,0,"g",0,"g","EnterovirusC_VP1_Polio2","G","G","S","S","1","1",0,0,"nonsyn","nonsyn"
"101",101,0,"g",0,"g","EnterovirusC_VP1_Polio2","G","G","D","D","1","1",0,0,"nonsyn","nonsyn"
"102",102,0.0268256333830104,"t",0.0268256333830104,"t","EnterovirusC_VP1_Polio2","G","G","G","G","0","0",0,0,"syn","syn"
"103",103,0.003725782414307,"c",0.003725782414307,"c","EnterovirusC_VP1_Polio2","P","P","S","S","1","1",0,0,"nonsyn","nonsyn"
"104",104,0,"c",0,"c","EnterovirusC_VP1_Polio2","P","P","L","L","1","1",0,0,"nonsyn","nonsyn"
"105",105,0.0014903129657228,"a",0.0014903129657228,"a","EnterovirusC_VP1_Polio2","P","P","P","P","0","0",1,1,"syn","syn"
"106",106,0.003725782414307,"g",0.003725782414307,"g","EnterovirusC_VP1_Polio2","A","A","T","T","1","1",0,0,"nonsyn","nonsyn"
"107",107,0.0022354694485842,"c",0.0022354694485842,"c","EnterovirusC_VP1_Polio2","A","A","V","V","0","0",0,0,"nonsyn","nonsyn"
"108",108,0.00745156482861401,"c",0.905365126676602,"t","EnterovirusC_VP1_Polio2","A","A","A","A","0","0",0,0,"syn","syn"
"109",109,0,"c",0,"c","EnterovirusC_VP1_Polio2","H","H","Y","Y","1","1",0,0,"nonsyn","nonsyn"
"110",110,0,"a",0,"a","EnterovirusC_VP1_Polio2","H","H","R","R","0","0",1,1,"nonsyn","nonsyn"
"111",111,0.0201192250372578,"c",0.97317436661699,"t","EnterovirusC_VP1_Polio2","H","H","H","H","0","0",0,0,"syn","syn"
"112",112,0,"t",0,"t","EnterovirusC_VP1_Polio2","S","S","P","P","1","1",0,0,"nonsyn","nonsyn"
"113",113,0,"c",0,"c","EnterovirusC_VP1_Polio2","S","S","F","F","1","1",0,0,"nonsyn","nonsyn"
"114",114,0.0394932935916542,"c",0.0394932935916542,"c","EnterovirusC_VP1_Polio2","S","S","S","S","0","0",0,0,"syn","syn"
"115",115,0,"a",0,"a","EnterovirusC_VP1_Polio2","K","K","E","E","1","1",1,1,"nonsyn","nonsyn"
"116",116,0.000745156482861401,"a",0.000745156482861401,"a","EnterovirusC_VP1_Polio2","K","K","R","R","0","0",0,0,"nonsyn","nonsyn"
"117",117,0.0312965722801788,"g",0.0312965722801788,"g","EnterovirusC_VP1_Polio2","K","K","K","K","0","0",0,0,"syn","syn"
"118",118,0,"g",0,"g","EnterovirusC_VP1_Polio2","E","E","K","K","1","1",0,0,"nonsyn","nonsyn"
"119",119,0,"a",0,"a","EnterovirusC_VP1_Polio2","E","E","G","G","1","1",0,0,"nonsyn","nonsyn"
"120",120,0.0238450074515648,"g",0.969448584202683,"a","EnterovirusC_VP1_Polio2","E","E","E","E","0","0",0,0,"syn","syn"
"121",121,0.0022354694485842,"a",0.0022354694485842,"a","EnterovirusC_VP1_Polio2","I","I","V","V","0","0",0,0,"nonsyn","nonsyn"
"122",122,0,"t",0,"t","EnterovirusC_VP1_Polio2","I","I","T","T","1","1",0,0,"nonsyn","nonsyn"
"123",123,0,"a",0,"a","EnterovirusC_VP1_Polio2","I","I","M","M","0","0",0,0,"nonsyn","nonsyn"
"124",124,0,"c",0,"c","EnterovirusC_VP1_Polio2","P","P","S","S","1","1",0,0,"nonsyn","nonsyn"
"125",125,0,"c",0,"c","EnterovirusC_VP1_Polio2","P","P","L","L","1","1",0,0,"nonsyn","nonsyn"
"126",126,0.0909090909090909,"t",0.0909090909090909,"t","EnterovirusC_VP1_Polio2","P","P","P","P","0","0",1,1,"syn","syn"
"127",127,0.000745156482861401,"g",0.000745156482861401,"g","EnterovirusC_VP1_Polio2","A","A","T","T","1","1",0,0,"nonsyn","nonsyn"
"128",128,0.00521609538002981,"c",0.00521609538002981,"c","EnterovirusC_VP1_Polio2","A","A","V","V","0","0",0,0,"nonsyn","nonsyn"
"129",129,0.0216095380029806,"a",0.96795827123696,"g","EnterovirusC_VP1_Polio2","A","A","A","A","0","0",1,0,"syn","syn"
"130",130,0.0968703427719821,"t",0.0968703427719821,"t","EnterovirusC_VP1_Polio2","L","L","L","L","0","0",0,0,"syn","syn"
"131",131,0,"t",0,"t","EnterovirusC_VP1_Polio2","L","L","S","S","1","1",1,1,"nonsyn","nonsyn"
"132",132,0.014903129657228,"g",0.014903129657228,"g","EnterovirusC_VP1_Polio2","L","L","L","L","0","0",0,0,"syn","syn"
"133",133,0,"a",0,"a","EnterovirusC_VP1_Polio2","T","T","A","A","1","1",0,0,"nonsyn","nonsyn"
"134",134,0,"c",0,"c","EnterovirusC_VP1_Polio2","T","T","I","M","1","1",0,0,"nonsyn","nonsyn"
"135",135,0.0864381520119225,"a",0.897913561847988,"g","EnterovirusC_VP1_Polio2","T","T","T","T","0","0",1,0,"syn","syn"
"136",136,0,"g",0,"g","EnterovirusC_VP1_Polio2","A","A","T","T","1","1",0,0,"nonsyn","nonsyn"
"137",137,0,"c",0,"c","EnterovirusC_VP1_Polio2","A","A","V","V","0","0",0,0,"nonsyn","nonsyn"
"138",138,0.101341281669151,"c",0.000745156482861401,"a","EnterovirusC_VP1_Polio2","A","A","A","A","0","0",0,1,"syn","syn"
"139",139,0,"g",0,"g","EnterovirusC_VP1_Polio2","V","V","M","M","0","0",0,0,"nonsyn","nonsyn"
"140",140,0,"t",0,"t","EnterovirusC_VP1_Polio2","V","V","A","A","0","0",1,1,"nonsyn","nonsyn"
"141",141,0.0216095380029806,"g",0.0216095380029806,"g","EnterovirusC_VP1_Polio2","V","V","V","V","0","0",0,0,"syn","syn"
"142",142,0,"g",0,"g","EnterovirusC_VP1_Polio2","E","E","K","K","1","1",0,0,"nonsyn","nonsyn"
"143",143,0,"a",0,"a","EnterovirusC_VP1_Polio2","E","E","G","G","1","1",0,0,"nonsyn","nonsyn"
"144",144,0.0581222056631893,"g",0.0581222056631893,"g","EnterovirusC_VP1_Polio2","E","E","E","E","0","0",0,0,"syn","syn"
"145",145,0.0014903129657228,"a",0.0014903129657228,"a","EnterovirusC_VP1_Polio2","T","T","A","A","1","1",0,0,"nonsyn","nonsyn"
"146",146,0,"c",0,"c","EnterovirusC_VP1_Polio2","T","T","I","I","1","1",0,0,"nonsyn","nonsyn"
"147",147,0.033532041728763,"a",0.033532041728763,"a","EnterovirusC_VP1_Polio2","T","T","T","T","0","0",1,1,"syn","syn"
"148",148,0,"g",0,"g","EnterovirusC_VP1_Polio2","G","G","R","R","1","1",0,0,"nonsyn","nonsyn"
"149",149,0.000745156482861401,"g",0.000745156482861401,"g","EnterovirusC_VP1_Polio2","G","G","E","E","1","1",0,0,"nonsyn","nonsyn"
"150",150,0.146050670640835,"g",0.146050670640835,"g","EnterovirusC_VP1_Polio2","G","G","G","G","0","0",0,0,"syn","syn"
"151",151,0,"g",0,"g","EnterovirusC_VP1_Polio2","A","A","T","T","1","1",0,0,"nonsyn","nonsyn"
"152",152,0.0014903129657228,"c",0.0014903129657228,"c","EnterovirusC_VP1_Polio2","A","A","V","V","0","0",0,0,"nonsyn","nonsyn"
"153",153,0.0350223546944858,"t",0.0350223546944858,"t","EnterovirusC_VP1_Polio2","A","A","A","A","0","0",0,0,"syn","syn"
"154",154,0,"a",0,"a","EnterovirusC_VP1_Polio2","T","T","A","A","1","1",0,0,"nonsyn","nonsyn"
"155",155,0,"c",0,"c","EnterovirusC_VP1_Polio2","T","T","I","I","1","1",0,0,"nonsyn","nonsyn"
"156",156,0.0633383010432191,"c",0.0633383010432191,"c","EnterovirusC_VP1_Polio2","T","T","T","T","0","0",0,0,"syn","syn"
"157",157,0,"a",0,"a","EnterovirusC_VP1_Polio2","N","N","D","D","1","1",1,1,"nonsyn","nonsyn"
"158",158,0,"a",0,"a","EnterovirusC_VP1_Polio2","N","N","S","S","0","0",0,0,"nonsyn","nonsyn"
"159",159,0.16467958271237,"t",0.16467958271237,"t","EnterovirusC_VP1_Polio2","N","N","N","N","0","0",0,0,"syn","syn"
"160",160,0,"c",0,"c","EnterovirusC_VP1_Polio2","P","P","S","S","1","1",0,0,"nonsyn","nonsyn"
"161",161,0,"c",0,"c","EnterovirusC_VP1_Polio2","P","P","L","L","1","1",0,0,"nonsyn","nonsyn"
"162",162,0.0290611028315946,"g",0.0290611028315946,"g","EnterovirusC_VP1_Polio2","P","P","P","P","0","0",0,0,"syn","syn"
"163",163,0.163189269746647,"t",0.163189269746647,"t","EnterovirusC_VP1_Polio2","L","L","L","L","0","0",0,0,"syn","syn"
"164",164,0,"t",0,"t","EnterovirusC_VP1_Polio2","L","L","S","S","1","1",1,1,"nonsyn","nonsyn"
"165",165,0.0156482861400894,"g",0.0156482861400894,"g","EnterovirusC_VP1_Polio2","L","L","L","L","0","0",0,0,"syn","syn"
"166",166,0.000745156482861401,"g",0.000745156482861401,"g","EnterovirusC_VP1_Polio2","V","V","M","M","0","0",0,0,"nonsyn","nonsyn"
"167",167,0.000745156482861401,"t",0.000745156482861401,"t","EnterovirusC_VP1_Polio2","V","V","A","A","0","0",1,1,"nonsyn","nonsyn"
"168",168,0.0119225037257824,"g",0.0119225037257824,"g","EnterovirusC_VP1_Polio2","V","V","V","V","0","0",0,0,"syn","syn"
"169",169,0,"c",0,"c","EnterovirusC_VP1_Polio2","P","P","S","S","1","1",0,0,"nonsyn","nonsyn"
"170",170,0,"c",0,"c","EnterovirusC_VP1_Polio2","P","P","L","L","1","1",0,0,"nonsyn","nonsyn"
"171",171,0.0245901639344262,"t",0.0245901639344262,"t","EnterovirusC_VP1_Polio2","P","P","P","P","0","0",0,0,"syn","syn"
"172",172,0,"t",0,"t","EnterovirusC_VP1_Polio2","S","S","P","P","1","1",0,0,"nonsyn","nonsyn"
"173",173,0,"c",0,"c","EnterovirusC_VP1_Polio2","S","S","L","L","1","1",0,0,"nonsyn","nonsyn"
"174",174,0.0752608047690015,"g",0.92026825633383,"a","EnterovirusC_VP1_Polio2","S","S","S","S","0","0",0,1,"syn","syn"
"175",175,0,"g",0,"g","EnterovirusC_VP1_Polio2","D","D","N","N","1","1",0,0,"nonsyn","nonsyn"
"176",176,0,"a",0,"a","EnterovirusC_VP1_Polio2","D","D","G","G","1","1",0,0,"nonsyn","nonsyn"
"177",177,0.0968703427719821,"c",0.0968703427719821,"c","EnterovirusC_VP1_Polio2","D","D","D","D","0","0",0,0,"syn","syn"
"178",178,0,"a",0,"a","EnterovirusC_VP1_Polio2","T","T","A","A","1","1",1,1,"nonsyn","nonsyn"
"179",179,0,"c",0,"c","EnterovirusC_VP1_Polio2","T","T","I","I","1","1",0,0,"nonsyn","nonsyn"
"180",180,0.0715350223546945,"c",0.0715350223546945,"c","EnterovirusC_VP1_Polio2","T","T","T","T","0","0",0,0,"syn","syn"
"181",181,0.0789865871833085,"g",0.0789865871833085,"g","EnterovirusC_VP1_Polio2","V","V","M","M","0","0",0,0,"nonsyn","nonsyn"
"182",182,0,"t",0,"t","EnterovirusC_VP1_Polio2","V","V","A","A","0","0",1,1,"nonsyn","nonsyn"
"183",183,0.118479880774963,"g",0.118479880774963,"g","EnterovirusC_VP1_Polio2","V","V","V","V","0","0",0,0,"syn","syn"
"184",184,0,"c",0,"c","EnterovirusC_VP1_Polio2","Q","Q","*","*","1","1",0,0,"nonsense","nonsense"
"185",185,0,"a",0,"a","EnterovirusC_VP1_Polio2","Q","Q","R","R","1","1",1,1,"nonsyn","nonsyn"
"186",186,0.0290611028315946,"a",0.0290611028315946,"a","EnterovirusC_VP1_Polio2","Q","Q","Q","Q","0","0",0,0,"syn","syn"
"187",187,0,"a",0,"a","EnterovirusC_VP1_Polio2","T","T","A","A","1","1",0,0,"nonsyn","nonsyn"
"188",188,0,"c",0,"c","EnterovirusC_VP1_Polio2","T","T","M","M","1","1",0,0,"nonsyn","nonsyn"
"189",189,0.0245901639344262,"g",0.0245901639344262,"g","EnterovirusC_VP1_Polio2","T","T","T","T","0","0",0,0,"syn","syn"
"190",190,0,"c",0,"c","EnterovirusC_VP1_Polio2","R","R","C","C","1","1",0,0,"nonsyn","nonsyn"
"191",191,0.000745156482861401,"g",0.000745156482861401,"g","EnterovirusC_VP1_Polio2","R","R","H","H","0","0",0,0,"nonsyn","nonsyn"
"192",192,0.0938897168405365,"c",0.0938897168405365,"c","EnterovirusC_VP1_Polio2","R","R","R","R","0","0",0,0,"syn","syn"
"193",193,0,"c",0,"c","EnterovirusC_VP1_Polio2","H","H","Y","Y","1","1",0,0,"nonsyn","nonsyn"
"194",194,0,"a",0,"a","EnterovirusC_VP1_Polio2","H","H","R","R","0","0",1,1,"nonsyn","nonsyn"
"195",195,0.0983606557377049,"t",0.0983606557377049,"t","EnterovirusC_VP1_Polio2","H","H","H","H","0","0",1,1,"syn","syn"
"196",196,0.000745156482861401,"g",0.000745156482861401,"g","EnterovirusC_VP1_Polio2","V","V","I","I","0","0",0,0,"nonsyn","nonsyn"
"197",197,0,"t",0,"t","EnterovirusC_VP1_Polio2","V","V","A","A","0","0",0,0,"nonsyn","nonsyn"
"198",198,0.00670640834575261,"c",0.00670640834575261,"c","EnterovirusC_VP1_Polio2","V","V","V","V","0","0",0,0,"syn","syn"
"199",199,0.0156482861400894,"a",0.0156482861400894,"a","EnterovirusC_VP1_Polio2","I","I","V","V","0","0",1,1,"nonsyn","nonsyn"
"200",200,0,"t",0,"t","EnterovirusC_VP1_Polio2","I","I","T","T","1","1",0,0,"nonsyn","nonsyn"
"201",201,0.0551415797317437,"c",0.0551415797317437,"c","EnterovirusC_VP1_Polio2","I","I","I","I","0","0",0,0,"syn","syn"
"202",202,0,"c",0,"c","EnterovirusC_VP1_Polio2","Q","Q","*","*","1","1",0,0,"nonsense","nonsense"
"203",203,0,"a",0,"a","EnterovirusC_VP1_Polio2","Q","Q","R","R","1","1",1,1,"nonsyn","nonsyn"
"204",204,0.0216095380029806,"g",0.0216095380029806,"g","EnterovirusC_VP1_Polio2","Q","Q","Q","Q","0","0",0,0,"syn","syn"
"205",205,0,"a",0,"a","EnterovirusC_VP1_Polio2","R","R","G","G","1","1",0,0,"nonsyn","nonsyn"
"206",206,0.0380029806259314,"g",0.0380029806259314,"g","EnterovirusC_VP1_Polio2","R","R","K","K","0","0",0,0,"nonsyn","nonsyn"
"207",207,0.0916542473919523,"a",0.906855439642325,"g","EnterovirusC_VP1_Polio2","R","R","R","R","0","0",0,0,"syn","syn"
"208",208,0,"c",0,"c","EnterovirusC_VP1_Polio2","R","R","*","C","1","1",0,0,"nonsense","nonsyn"
"209",209,0,"g",0,"g","EnterovirusC_VP1_Polio2","R","R","Q","H","1","0",0,0,"nonsyn","nonsyn"
"210",210,0.121460506706408,"a",0.0029806259314456,"c","EnterovirusC_VP1_Polio2","R","R","R","R","0","0",0,0,"syn","syn"
"211",211,0,"a",0,"a","EnterovirusC_VP1_Polio2","T","T","A","A","1","1",0,1,"nonsyn","nonsyn"
"212",212,0,"c",0,"c","EnterovirusC_VP1_Polio2","T","T","M","M","1","1",0,0,"nonsyn","nonsyn"
"213",213,0.0946348733233979,"g",0.0946348733233979,"g","EnterovirusC_VP1_Polio2","T","T","T","T","0","0",0,0,"syn","syn"
"214",214,0,"c",0,"c","EnterovirusC_VP1_Polio2","R","R","*","*","1","1",0,0,"nonsense","nonsense"
"215",215,0,"g",0,"g","EnterovirusC_VP1_Polio2","R","R","Q","Q","1","1",0,0,"nonsyn","nonsyn"
"216",216,0.00968703427719821,"a",0.00968703427719821,"a","EnterovirusC_VP1_Polio2","R","R","R","R","0","0",0,0,"syn","syn"
"217",217,0,"t",0,"t","EnterovirusC_VP1_Polio2","S","S","P","P","1","1",0,0,"nonsyn","nonsyn"
"218",218,0.0014903129657228,"c",0.0014903129657228,"c","EnterovirusC_VP1_Polio2","S","S","L","L","1","1",0,0,"nonsyn","nonsyn"
"219",219,0.0573770491803279,"a",0.0573770491803279,"a","EnterovirusC_VP1_Polio2","S","S","S","S","0","0",1,1,"syn","syn"
"220",220,0,"g",0,"g","EnterovirusC_VP1_Polio2","E","E","K","K","1","1",0,0,"nonsyn","nonsyn"
"221",221,0,"a",0,"a","EnterovirusC_VP1_Polio2","E","E","G","G","1","1",0,0,"nonsyn","nonsyn"
"222",222,0.0320417287630402,"g",0.0320417287630402,"g","EnterovirusC_VP1_Polio2","E","E","E","E","0","0",0,0,"syn","syn"
"223",223,0,"t",0,"t","EnterovirusC_VP1_Polio2","S","S","P","P","1","1",0,0,"nonsyn","nonsyn"
"224",224,0,"c",0,"c","EnterovirusC_VP1_Polio2","S","S","F","F","1","1",0,0,"nonsyn","nonsyn"
"225",225,0.0268256333830104,"c",0.0268256333830104,"c","EnterovirusC_VP1_Polio2","S","S","S","S","0","0",0,0,"syn","syn"
"226",226,0,"a",0,"a","EnterovirusC_VP1_Polio2","T","T","A","A","1","1",1,1,"nonsyn","nonsyn"
"227",227,0.000745156482861401,"c",0.000745156482861401,"c","EnterovirusC_VP1_Polio2","T","T","M","I","1","1",0,0,"nonsyn","nonsyn"
"228",228,0.119225037257824,"g",0.876304023845007,"a","EnterovirusC_VP1_Polio2","T","T","T","T","0","0",0,1,"syn","syn"
"229",229,0.00745156482861401,"g",0.00745156482861401,"g","EnterovirusC_VP1_Polio2","V","V","I","I","0","0",0,0,"nonsyn","nonsyn"
"230",230,0,"t",0,"t","EnterovirusC_VP1_Polio2","V","V","A","A","0","0",0,0,"nonsyn","nonsyn"
"231",231,0.022354694485842,"t",0.974664679582712,"c","EnterovirusC_VP1_Polio2","V","V","V","V","0","0",1,0,"syn","syn"
"232",232,0,"g",0,"g","EnterovirusC_VP1_Polio2","E","E","K","K","1","1",0,0,"nonsyn","nonsyn"
"233",233,0,"a",0,"a","EnterovirusC_VP1_Polio2","E","E","G","G","1","1",0,0,"nonsyn","nonsyn"
"234",234,0.0216095380029806,"g",0.0216095380029806,"g","EnterovirusC_VP1_Polio2","E","E","E","E","0","0",0,0,"syn","syn"
"235",235,0,"t",0,"t","EnterovirusC_VP1_Polio2","S","S","P","P","1","1",0,0,"nonsyn","nonsyn"
"236",236,0,"c",0,"c","EnterovirusC_VP1_Polio2","S","S","L","L","1","1",0,0,"nonsyn","nonsyn"
"237",237,0.0178837555886736,"a",0.0178837555886736,"a","EnterovirusC_VP1_Polio2","S","S","S","S","0","0",1,1,"syn","syn"
"238",238,0,"t",0,"t","EnterovirusC_VP1_Polio2","F","F","L","L","0","0",0,0,"nonsyn","nonsyn"
"239",239,0,"t",0,"t","EnterovirusC_VP1_Polio2","F","F","S","S","1","1",0,0,"nonsyn","nonsyn"
"240",240,0.011177347242921,"c",0.011177347242921,"c","EnterovirusC_VP1_Polio2","F","F","F","F","0","0",0,0,"syn","syn"
"241",241,0,"t",0,"t","EnterovirusC_VP1_Polio2","F","F","L","L","0","0",0,0,"nonsyn","nonsyn"
"242",242,0,"t",0,"t","EnterovirusC_VP1_Polio2","F","F","S","S","1","1",0,0,"nonsyn","nonsyn"
"243",243,0.0268256333830104,"t",0.0268256333830104,"t","EnterovirusC_VP1_Polio2","F","F","F","F","0","0",1,1,"syn","syn"
"244",244,0,"g",0,"g","EnterovirusC_VP1_Polio2","A","A","T","T","1","1",0,0,"nonsyn","nonsyn"
"245",245,0,"c",0,"c","EnterovirusC_VP1_Polio2","A","A","V","V","0","0",0,0,"nonsyn","nonsyn"
"246",246,0.0730253353204173,"a",0.0730253353204173,"a","EnterovirusC_VP1_Polio2","A","A","A","A","0","0",1,1,"syn","syn"
"247",247,0,"a",0,"a","EnterovirusC_VP1_Polio2","R","R","G","G","1","1",0,0,"nonsyn","nonsyn"
"248",248,0,"g",0,"g","EnterovirusC_VP1_Polio2","R","R","K","K","0","0",0,0,"nonsyn","nonsyn"
"249",249,0.0901639344262295,"a",0.0901639344262295,"a","EnterovirusC_VP1_Polio2","R","R","R","R","0","0",0,0,"syn","syn"
"250",250,0,"g",0,"g","EnterovirusC_VP1_Polio2","G","G","R","R","1","1",0,0,"nonsyn","nonsyn"
"251",251,0,"g",0,"g","EnterovirusC_VP1_Polio2","G","G","E","E","1","1",0,0,"nonsyn","nonsyn"
"252",252,0.0156482861400894,"g",0.0156482861400894,"g","EnterovirusC_VP1_Polio2","G","G","G","G","0","0",0,0,"syn","syn"
"253",253,0,"g",0,"g","EnterovirusC_VP1_Polio2","A","A","T","T","1","1",0,0,"nonsyn","nonsyn"
"254",254,0,"c",0,"c","EnterovirusC_VP1_Polio2","A","A","V","V","0","0",0,0,"nonsyn","nonsyn"
"255",255,0.00968703427719821,"t",0.00968703427719821,"t","EnterovirusC_VP1_Polio2","A","A","A","A","0","0",0,0,"syn","syn"
"256",256,0,"t",0,"t","EnterovirusC_VP1_Polio2","C","C","R","R","1","1",1,1,"nonsyn","nonsyn"
"257",257,0,"g",0,"g","EnterovirusC_VP1_Polio2","C","C","Y","Y","1","1",0,0,"nonsyn","nonsyn"
"258",258,0.144560357675112,"c",0.852459016393443,"t","EnterovirusC_VP1_Polio2","C","C","C","C","0","0",0,1,"syn","syn"
"259",259,0,"g",0,"g","EnterovirusC_VP1_Polio2","V","V","M","M","0","0",0,0,"nonsyn","nonsyn"
"260",260,0,"t",0,"t","EnterovirusC_VP1_Polio2","V","V","A","A","0","0",1,1,"nonsyn","nonsyn"
"261",261,0.0543964232488823,"g",0.0543964232488823,"g","EnterovirusC_VP1_Polio2","V","V","V","V","0","0",0,0,"syn","syn"
"262",262,0,"g",0,"g","EnterovirusC_VP1_Polio2","A","A","T","T","1","1",0,0,"nonsyn","nonsyn"
"263",263,0,"c",0,"c","EnterovirusC_VP1_Polio2","A","A","V","V","0","0",0,0,"nonsyn","nonsyn"
"264",264,0.292101341281669,"t",0.292101341281669,"t","EnterovirusC_VP1_Polio2","A","A","A","A","0","0",0,0,"syn","syn"
"265",265,0,"a",0,"a","EnterovirusC_VP1_Polio2","I","I","V","V","0","0",0,0,"nonsyn","nonsyn"
"266",266,0,"t",0,"t","EnterovirusC_VP1_Polio2","I","I","T","T","1","1",0,0,"nonsyn","nonsyn"
"267",267,0.0886736214605067,"c",0.0886736214605067,"c","EnterovirusC_VP1_Polio2","I","I","I","I","0","0",0,0,"syn","syn"
"268",268,0,"a",0,"a","EnterovirusC_VP1_Polio2","I","I","V","V","0","0",1,1,"nonsyn","nonsyn"
"269",269,0,"t",0,"t","EnterovirusC_VP1_Polio2","I","I","T","T","1","1",0,0,"nonsyn","nonsyn"
"270",270,0.0253353204172876,"t",0.0253353204172876,"t","EnterovirusC_VP1_Polio2","I","I","I","I","0","0",1,1,"syn","syn"
"271",271,0,"g",0,"g","EnterovirusC_VP1_Polio2","E","E","K","K","1","1",0,0,"nonsyn","nonsyn"
"272",272,0.000745156482861401,"a",0.000745156482861401,"a","EnterovirusC_VP1_Polio2","E","E","G","G","1","1",0,0,"nonsyn","nonsyn"
"273",273,0.0327868852459016,"g",0.0327868852459016,"g","EnterovirusC_VP1_Polio2","E","E","E","E","0","0",0,0,"syn","syn"
"274",274,0,"g",0,"g","EnterovirusC_VP1_Polio2","V","V","M","M","0","0",0,0,"nonsyn","nonsyn"
"275",275,0,"t",0,"t","EnterovirusC_VP1_Polio2","V","V","A","A","0","0",1,1,"nonsyn","nonsyn"
"276",276,0.0968703427719821,"g",0.0968703427719821,"g","EnterovirusC_VP1_Polio2","V","V","V","V","0","0",0,0,"syn","syn"
"277",277,0,"g",0,"g","EnterovirusC_VP1_Polio2","D","D","N","N","1","1",0,0,"nonsyn","nonsyn"
"278",278,0,"a",0,"a","EnterovirusC_VP1_Polio2","D","D","G","G","1","1",0,0,"nonsyn","nonsyn"
"279",279,0.201192250372578,"c",0.201192250372578,"c","EnterovirusC_VP1_Polio2","D","D","D","D","0","0",0,0,"syn","syn"
"280",280,0,"a",0,"a","EnterovirusC_VP1_Polio2","N","N","D","D","1","1",1,1,"nonsyn","nonsyn"
"281",281,0,"a",0,"a","EnterovirusC_VP1_Polio2","N","N","S","S","0","0",0,0,"nonsyn","nonsyn"
"282",282,0.022354694485842,"t",0.976900149031297,"c","EnterovirusC_VP1_Polio2","N","N","N","N","0","0",1,0,"syn","syn"
"283",283,0,"g",0,"g","EnterovirusC_VP1_Polio2","D","D","N","N","1","1",0,0,"nonsyn","nonsyn"
"284",284,0,"a",0,"a","EnterovirusC_VP1_Polio2","D","D","G","G","1","1",0,0,"nonsyn","nonsyn"
"285",285,0.0238450074515648,"t",0.0238450074515648,"t","EnterovirusC_VP1_Polio2","D","D","D","D","0","0",1,1,"syn","syn"
"286",286,0.000745156482861401,"g",0.000745156482861401,"g","EnterovirusC_VP1_Polio2","A","A","T","T","1","1",0,0,"nonsyn","nonsyn"
"287",287,0,"c",0,"c","EnterovirusC_VP1_Polio2","A","A","V","V","0","0",0,0,"nonsyn","nonsyn"
"288",288,0.102831594634873,"a",0.102831594634873,"a","EnterovirusC_VP1_Polio2","A","A","A","A","0","0",1,1,"syn","syn"
"289",289,0,"c",0,"c","EnterovirusC_VP1_Polio2","P","P","S","S","1","1",0,0,"nonsyn","nonsyn"
"290",290,0,"c",0,"c","EnterovirusC_VP1_Polio2","P","P","L","L","1","1",0,0,"nonsyn","nonsyn"
"291",291,0.0998509687034277,"g",0.898658718330849,"a","EnterovirusC_VP1_Polio2","P","P","P","P","0","0",0,1,"syn","syn"
"292",292,0.0022354694485842,"a",0.0022354694485842,"a","EnterovirusC_VP1_Polio2","T","T","A","A","1","1",0,0,"nonsyn","nonsyn"
"293",293,0,"c",0,"c","EnterovirusC_VP1_Polio2","T","T","I","I","1","1",0,0,"nonsyn","nonsyn"
"294",294,0.00968703427719821,"a",0.00968703427719821,"a","EnterovirusC_VP1_Polio2","T","T","T","T","0","0",1,1,"syn","syn"
"295",295,0.00968703427719821,"a",0.00968703427719821,"a","EnterovirusC_VP1_Polio2","X","X","X","E","0","1",0,0,"syn","nonsyn"
"296",296,0.0014903129657228,"a",0.0014903129657228,"a","EnterovirusC_VP1_Polio2","X","X","X","R","0","1",0,0,"syn","nonsyn"
"297",297,0,"-",0,"a","EnterovirusC_VP1_Polio2","X","X","X","K","0","1",0,0,"syn","nonsyn"
"298",298,0,"-",0.000745156482861401,"a","EnterovirusC_VP1_Polio2","X","X","X","E","0","1",0,0,"syn","nonsyn"
"299",299,0,"-",0,"a","EnterovirusC_VP1_Polio2","X","X","X","R","0","1",0,0,"syn","nonsyn"
"300",300,0.018628912071535,"g",0.018628912071535,"g","EnterovirusC_VP1_Polio2","X","X","X","K","0","1",0,0,"syn","nonsyn"
"301",301,0,"c",0,"c","EnterovirusC_VP1_Polio2","R","R","C","C","1","1",0,0,"nonsyn","nonsyn"
"302",302,0.003725782414307,"g",0.003725782414307,"g","EnterovirusC_VP1_Polio2","R","R","H","H","0","0",0,0,"nonsyn","nonsyn"
"303",303,0.0201192250372578,"c",0.976154992548435,"t","EnterovirusC_VP1_Polio2","R","R","R","R","0","0",0,1,"syn","syn"
"304",304,0.0275707898658718,"g",0.0275707898658718,"g","EnterovirusC_VP1_Polio2","A","A","T","T","1","1",0,0,"nonsyn","nonsyn"
"305",305,0,"c",0,"c","EnterovirusC_VP1_Polio2","A","A","V","V","0","0",0,0,"nonsyn","nonsyn"
"306",306,0.0141579731743666,"c",0.0141579731743666,"c","EnterovirusC_VP1_Polio2","A","A","A","A","0","0",0,0,"syn","syn"
"307",307,0.0767511177347243,"a",0.0767511177347243,"a","EnterovirusC_VP1_Polio2","S","S","G","G","1","1",1,1,"nonsyn","nonsyn"
"308",308,0.00521609538002981,"g",0.00521609538002981,"g","EnterovirusC_VP1_Polio2","S","S","N","N","0","0",0,0,"nonsyn","nonsyn"
"309",309,0.0491803278688525,"c",0.0491803278688525,"c","EnterovirusC_VP1_Polio2","S","S","S","S","0","0",0,0,"syn","syn"
"310",310,0,"a",0,"a","EnterovirusC_VP1_Polio2","R","R","G","G","1","1",1,1,"nonsyn","nonsyn"
"311",311,0.134128166915052,"g",0.134128166915052,"g","EnterovirusC_VP1_Polio2","R","R","K","K","0","0",0,0,"nonsyn","nonsyn"
"312",312,0.0290611028315946,"a",0.0290611028315946,"a","EnterovirusC_VP1_Polio2","R","R","R","R","0","0",0,0,"syn","syn"
"313",313,0.0104321907600596,"t",0.0104321907600596,"t","EnterovirusC_VP1_Polio2","L","L","L","L","0","0",0,0,"syn","syn"
"314",314,0.000745156482861401,"t",0.000745156482861401,"t","EnterovirusC_VP1_Polio2","L","L","S","S","1","1",1,0,"nonsyn","nonsyn"
"315",315,0.00819672131147541,"g",0.990312965722802,"a","EnterovirusC_VP1_Polio2","L","L","L","L","0","0",0,0,"syn","syn"
"316",316,0,"t",0,"t","EnterovirusC_VP1_Polio2","F","F","L","L","0","0",0,0,"nonsyn","nonsyn"
"317",317,0,"t",0,"t","EnterovirusC_VP1_Polio2","F","F","S","S","1","1",0,0,"nonsyn","nonsyn"
"318",318,0.0141579731743666,"t",0.982861400894188,"c","EnterovirusC_VP1_Polio2","F","F","F","F","0","0",0,0,"syn","syn"
"319",319,0,"t",0,"t","EnterovirusC_VP1_Polio2","S","S","P","P","1","1",0,0,"nonsyn","nonsyn"
"320",320,0,"c",0,"c","EnterovirusC_VP1_Polio2","S","S","L","L","1","1",0,0,"nonsyn","nonsyn"
"321",321,0.117734724292101,"g",0.876304023845007,"a","EnterovirusC_VP1_Polio2","S","S","S","S","0","0",0,1,"syn","syn"
"322",322,0.00521609538002981,"g",0.00521609538002981,"g","EnterovirusC_VP1_Polio2","V","V","I","I","0","0",0,0,"nonsyn","nonsyn"
"323",323,0.000745156482861401,"t",0.000745156482861401,"t","EnterovirusC_VP1_Polio2","V","V","A","A","0","0",0,0,"nonsyn","nonsyn"
"324",324,0.0551415797317437,"t",0.0551415797317437,"t","EnterovirusC_VP1_Polio2","V","V","V","V","0","0",0,0,"syn","syn"
"325",325,0,"t",0,"t","EnterovirusC_VP1_Polio2","W","W","R","R","1","1",1,1,"nonsyn","nonsyn"
"326",326,0,"g",0,"g","EnterovirusC_VP1_Polio2","W","W","*","*","1","1",0,0,"nonsense","nonsense"
"327",327,0,"g",0,"g","EnterovirusC_VP1_Polio2","W","W","*","*","1","1",0,0,"nonsense","nonsense"
"328",328,0,"a",0,"a","EnterovirusC_VP1_Polio2","K","K","E","E","1","1",0,0,"nonsyn","nonsyn"
"329",329,0.003725782414307,"a",0.003725782414307,"a","EnterovirusC_VP1_Polio2","K","K","R","R","0","0",0,0,"nonsyn","nonsyn"
"330",330,0.0938897168405365,"a",0.0938897168405365,"a","EnterovirusC_VP1_Polio2","K","K","K","K","0","0",0,0,"syn","syn"
"331",331,0,"a",0,"a","EnterovirusC_VP1_Polio2","I","I","V","V","0","0",0,0,"nonsyn","nonsyn"
"332",332,0,"t",0,"t","EnterovirusC_VP1_Polio2","I","I","T","T","1","1",0,0,"nonsyn","nonsyn"
"333",333,0,"a",0,"a","EnterovirusC_VP1_Polio2","I","I","M","M","0","0",0,0,"nonsyn","nonsyn"
"334",334,0,"a",0,"a","EnterovirusC_VP1_Polio2","T","T","A","A","1","1",0,0,"nonsyn","nonsyn"
"335",335,0,"c",0,"c","EnterovirusC_VP1_Polio2","T","T","I","I","1","1",0,0,"nonsyn","nonsyn"
"336",336,0.03725782414307,"t",0.0022354694485842,"a","EnterovirusC_VP1_Polio2","T","T","T","T","0","0",0,1,"syn","syn"
"337",337,0,"t",0,"t","EnterovirusC_VP1_Polio2","Y","Y","H","H","1","1",0,0,"nonsyn","nonsyn"
"338",338,0,"a",0,"a","EnterovirusC_VP1_Polio2","Y","Y","C","C","1","1",0,0,"nonsyn","nonsyn"
"339",339,0.0290611028315946,"c",0.0290611028315946,"c","EnterovirusC_VP1_Polio2","Y","Y","Y","Y","0","0",0,0,"syn","syn"
"340",340,0,"a",0,"a","EnterovirusC_VP1_Polio2","K","K","E","E","1","1",1,1,"nonsyn","nonsyn"
"341",341,0.0029806259314456,"a",0.0029806259314456,"a","EnterovirusC_VP1_Polio2","K","K","R","R","0","0",0,0,"nonsyn","nonsyn"
"342",342,0.0864381520119225,"a",0.0864381520119225,"a","EnterovirusC_VP1_Polio2","K","K","K","K","0","0",0,0,"syn","syn"
"343",343,0,"g",0,"g","EnterovirusC_VP1_Polio2","D","D","N","N","1","1",0,0,"nonsyn","nonsyn"
"344",344,0,"a",0,"a","EnterovirusC_VP1_Polio2","D","D","G","G","1","1",0,0,"nonsyn","nonsyn"
"345",345,0.245901639344262,"t",0.245901639344262,"t","EnterovirusC_VP1_Polio2","D","D","D","D","0","0",0,0,"syn","syn"
"346",346,0,"a",0,"a","EnterovirusC_VP1_Polio2","T","T","A","A","1","1",0,0,"nonsyn","nonsyn"
"347",347,0,"c",0,"c","EnterovirusC_VP1_Polio2","T","T","I","I","1","1",0,0,"nonsyn","nonsyn"
"348",348,0.00968703427719821,"t",0.00968703427719821,"t","EnterovirusC_VP1_Polio2","T","T","T","T","0","0",1,1,"syn","syn"
"349",349,0,"g",0,"g","EnterovirusC_VP1_Polio2","V","V","I","M","0","0",0,0,"nonsyn","nonsyn"
"350",350,0,"t",0,"t","EnterovirusC_VP1_Polio2","V","V","A","A","0","0",0,1,"nonsyn","nonsyn"
"351",351,0.0163934426229508,"t",0.0014903129657228,"g","EnterovirusC_VP1_Polio2","V","V","V","V","0","0",0,0,"syn","syn"
"352",352,0,"c",0,"c","EnterovirusC_VP1_Polio2","Q","Q","*","*","1","1",0,0,"nonsense","nonsense"
"353",353,0,"a",0,"a","EnterovirusC_VP1_Polio2","Q","Q","R","R","1","1",1,1,"nonsyn","nonsyn"
"354",354,0.0819672131147541,"a",0.0819672131147541,"a","EnterovirusC_VP1_Polio2","Q","Q","Q","Q","0","0",0,0,"syn","syn"
"355",355,0.105067064083458,"c",0.105067064083458,"c","EnterovirusC_VP1_Polio2","L","L","L","L","0","0",0,0,"syn","syn"
"356",356,0,"t",0,"t","EnterovirusC_VP1_Polio2","L","L","P","P","1","1",1,1,"nonsyn","nonsyn"
"357",357,0.105812220566319,"g",0.105812220566319,"g","EnterovirusC_VP1_Polio2","L","L","L","L","0","0",0,0,"syn","syn"
"358",358,0,"a",0,"a","EnterovirusC_VP1_Polio2","R","R","G","G","1","1",0,0,"nonsyn","nonsyn"
"359",359,0.000745156482861401,"g",0.000745156482861401,"g","EnterovirusC_VP1_Polio2","R","R","K","K","0","0",0,0,"nonsyn","nonsyn"
"360",360,0.033532041728763,"a",0.033532041728763,"a","EnterovirusC_VP1_Polio2","R","R","R","R","0","0",0,0,"syn","syn"
"361",361,0,"c",0,"c","EnterovirusC_VP1_Polio2","R","R","C","C","1","1",0,0,"nonsyn","nonsyn"
"362",362,0.000745156482861401,"g",0.000745156482861401,"g","EnterovirusC_VP1_Polio2","R","R","H","H","0","0",0,0,"nonsyn","nonsyn"
"363",363,0.0171385991058122,"c",0.0171385991058122,"c","EnterovirusC_VP1_Polio2","R","R","R","R","0","0",0,0,"syn","syn"
"364",364,0,"a",0,"a","EnterovirusC_VP1_Polio2","K","K","E","E","1","1",1,1,"nonsyn","nonsyn"
"365",365,0,"a",0,"a","EnterovirusC_VP1_Polio2","K","K","R","R","0","0",0,0,"nonsyn","nonsyn"
"366",366,0.0380029806259314,"a",0.0380029806259314,"a","EnterovirusC_VP1_Polio2","K","K","K","K","0","0",0,0,"syn","syn"
"367",367,0.0931445603576751,"c",0.904619970193741,"t","EnterovirusC_VP1_Polio2","L","L","L","L","0","0",0,0,"syn","syn"
"368",368,0,"t",0,"t","EnterovirusC_VP1_Polio2","L","L","P","S","1","1",1,1,"nonsyn","nonsyn"
"369",369,0.026080476900149,"g",0.026080476900149,"g","EnterovirusC_VP1_Polio2","L","L","L","L","0","0",0,0,"syn","syn"
"370",370,0,"g",0,"g","EnterovirusC_VP1_Polio2","E","E","K","K","1","1",0,0,"nonsyn","nonsyn"
"371",371,0,"a",0,"a","EnterovirusC_VP1_Polio2","E","E","G","G","1","1",0,0,"nonsyn","nonsyn"
"372",372,0.0901639344262295,"a",0.0901639344262295,"a","EnterovirusC_VP1_Polio2","E","E","E","E","0","0",0,0,"syn","syn"
"373",373,0,"t",0,"t","EnterovirusC_VP1_Polio2","F","F","L","L","0","0",0,0,"nonsyn","nonsyn"
"374",374,0,"t",0,"t","EnterovirusC_VP1_Polio2","F","F","S","S","1","1",0,0,"nonsyn","nonsyn"
"375",375,0.278688524590164,"t",0.71833084947839,"c","EnterovirusC_VP1_Polio2","F","F","F","F","0","0",0,0,"syn","syn"
"376",376,0,"t",0,"t","EnterovirusC_VP1_Polio2","F","F","L","L","0","0",0,0,"nonsyn","nonsyn"
"377",377,0,"t",0,"t","EnterovirusC_VP1_Polio2","F","F","S","S","1","1",0,0,"nonsyn","nonsyn"
"378",378,0.0290611028315946,"c",0.0290611028315946,"c","EnterovirusC_VP1_Polio2","F","F","F","F","0","0",0,0,"syn","syn"
"379",379,0,"a",0,"a","EnterovirusC_VP1_Polio2","T","T","A","A","1","1",1,1,"nonsyn","nonsyn"
"380",380,0,"c",0,"c","EnterovirusC_VP1_Polio2","T","T","I","I","1","1",0,0,"nonsyn","nonsyn"
"381",381,0.018628912071535,"a",0.018628912071535,"a","EnterovirusC_VP1_Polio2","T","T","T","T","0","0",1,1,"syn","syn"
"382",382,0,"t",0,"t","EnterovirusC_VP1_Polio2","Y","Y","H","H","1","1",0,0,"nonsyn","nonsyn"
"383",383,0,"a",0,"a","EnterovirusC_VP1_Polio2","Y","Y","C","C","1","1",0,0,"nonsyn","nonsyn"
"384",384,0.0827123695976155,"t",0.0827123695976155,"t","EnterovirusC_VP1_Polio2","Y","Y","Y","Y","0","0",0,0,"syn","syn"
"385",385,0,"t",0,"t","EnterovirusC_VP1_Polio2","S","S","P","P","1","1",0,0,"nonsyn","nonsyn"
"386",386,0,"c",0,"c","EnterovirusC_VP1_Polio2","S","S","L","L","1","1",0,0,"nonsyn","nonsyn"
"387",387,0.0737704918032787,"g",0.912071535022355,"a","EnterovirusC_VP1_Polio2","S","S","S","S","0","0",0,1,"syn","syn"
"388",388,0.000745156482861401,"a",0.000745156482861401,"a","EnterovirusC_VP1_Polio2","R","R","G","G","1","1",0,0,"nonsyn","nonsyn"
"389",389,0,"g",0,"g","EnterovirusC_VP1_Polio2","R","R","K","K","0","0",0,0,"nonsyn","nonsyn"
"390",390,0.0312965722801788,"a",0.0312965722801788,"a","EnterovirusC_VP1_Polio2","R","R","R","R","0","0",0,0,"syn","syn"
"391",391,0,"t",0,"t","EnterovirusC_VP1_Polio2","F","F","L","L","0","0",0,0,"nonsyn","nonsyn"
"392",392,0,"t",0,"t","EnterovirusC_VP1_Polio2","F","F","S","S","1","1",0,0,"nonsyn","nonsyn"
"393",393,0.0461997019374069,"t",0.0461997019374069,"t","EnterovirusC_VP1_Polio2","F","F","F","F","0","0",1,1,"syn","syn"
"394",394,0,"g",0,"g","EnterovirusC_VP1_Polio2","D","D","N","N","1","1",0,0,"nonsyn","nonsyn"
"395",395,0,"a",0,"a","EnterovirusC_VP1_Polio2","D","D","G","G","1","1",0,0,"nonsyn","nonsyn"
"396",396,0.104321907600596,"c",0.890461997019374,"t","EnterovirusC_VP1_Polio2","D","D","D","D","0","0",0,0,"syn","syn"
"397",397,0,"a",0,"a","EnterovirusC_VP1_Polio2","M","M","V","V","0","0",1,0,"nonsyn","nonsyn"
"398",398,0,"t",0,"t","EnterovirusC_VP1_Polio2","M","M","T","T","1","1",1,1,"nonsyn","nonsyn"
"399",399,0,"g",0,"g","EnterovirusC_VP1_Polio2","M","M","I","I","0","0",0,0,"nonsyn","nonsyn"
"400",400,0,"g",0,"g","EnterovirusC_VP1_Polio2","E","E","K","K","1","1",0,0,"nonsyn","nonsyn"
"401",401,0.0014903129657228,"a",0.0014903129657228,"a","EnterovirusC_VP1_Polio2","E","E","G","G","1","1",0,0,"nonsyn","nonsyn"
"402",402,0.107302533532042,"g",0.107302533532042,"g","EnterovirusC_VP1_Polio2","E","E","E","E","0","0",0,0,"syn","syn"
"403",403,0,"t",0,"t","EnterovirusC_VP1_Polio2","F","F","L","L","0","0",0,0,"nonsyn","nonsyn"
"404",404,0,"t",0,"t","EnterovirusC_VP1_Polio2","F","F","S","S","1","1",0,0,"nonsyn","nonsyn"
"405",405,0.0156482861400894,"c",0.0156482861400894,"c","EnterovirusC_VP1_Polio2","F","F","F","F","0","0",0,0,"syn","syn"
"406",406,0,"a",0,"a","EnterovirusC_VP1_Polio2","T","T","A","A","1","1",1,1,"nonsyn","nonsyn"
"407",407,0,"c",0,"c","EnterovirusC_VP1_Polio2","T","T","I","I","1","1",0,0,"nonsyn","nonsyn"
"408",408,0.0923994038748137,"t",0.0923994038748137,"t","EnterovirusC_VP1_Polio2","T","T","T","T","0","0",0,0,"syn","syn"
"409",409,0.000745156482861401,"t",0.000745156482861401,"t","EnterovirusC_VP1_Polio2","F","F","L","L","0","0",0,0,"nonsyn","nonsyn"
"410",410,0.0014903129657228,"t",0.0014903129657228,"t","EnterovirusC_VP1_Polio2","F","F","S","S","1","1",0,0,"nonsyn","nonsyn"
"411",411,0.0707898658718331,"t",0.0707898658718331,"t","EnterovirusC_VP1_Polio2","F","F","F","F","0","0",1,1,"syn","syn"
"412",412,0,"g",0,"g","EnterovirusC_VP1_Polio2","V","V","M","M","0","0",0,0,"nonsyn","nonsyn"
"413",413,0,"t",0,"t","EnterovirusC_VP1_Polio2","V","V","A","A","0","0",1,1,"nonsyn","nonsyn"
"414",414,0.0581222056631893,"g",0.0581222056631893,"g","EnterovirusC_VP1_Polio2","V","V","V","V","0","0",0,0,"syn","syn"
"415",415,0.00968703427719821,"g",0.00968703427719821,"g","EnterovirusC_VP1_Polio2","V","V","I","I","0","0",0,0,"nonsyn","nonsyn"
"416",416,0,"t",0,"t","EnterovirusC_VP1_Polio2","V","V","A","A","0","0",0,0,"nonsyn","nonsyn"
"417",417,0.0327868852459016,"c",0.0327868852459016,"c","EnterovirusC_VP1_Polio2","V","V","V","V","0","0",0,0,"syn","syn"
"418",418,0,"a",0,"a","EnterovirusC_VP1_Polio2","T","T","A","A","1","1",1,1,"nonsyn","nonsyn"
"419",419,0,"c",0,"c","EnterovirusC_VP1_Polio2","T","T","I","I","1","1",0,0,"nonsyn","nonsyn"
"420",420,0.00819672131147541,"c",0.00819672131147541,"c","EnterovirusC_VP1_Polio2","T","T","T","T","0","0",0,0,"syn","syn"
"421",421,0.000745156482861401,"t",0.000745156482861401,"t","EnterovirusC_VP1_Polio2","S","S","P","P","1","1",0,0,"nonsyn","nonsyn"
"422",422,0,"c",0,"c","EnterovirusC_VP1_Polio2","S","S","L","L","1","1",0,0,"nonsyn","nonsyn"
"423",423,0.00968703427719821,"a",0.00968703427719821,"a","EnterovirusC_VP1_Polio2","S","S","S","S","0","0",1,1,"syn","syn"
"424",424,0,"a",0,"a","EnterovirusC_VP1_Polio2","N","N","D","D","1","1",0,0,"nonsyn","nonsyn"
"425",425,0.000745156482861401,"a",0.000745156482861401,"a","EnterovirusC_VP1_Polio2","N","N","S","S","0","0",0,0,"nonsyn","nonsyn"
"426",426,0.0901639344262295,"c",0.898658718330849,"t","EnterovirusC_VP1_Polio2","N","N","N","N","0","0",0,0,"syn","syn"
"427",427,0,"t",0,"t","EnterovirusC_VP1_Polio2","Y","Y","H","H","1","1",0,0,"nonsyn","nonsyn"
"428",428,0,"a",0,"a","EnterovirusC_VP1_Polio2","Y","Y","C","C","1","1",0,0,"nonsyn","nonsyn"
"429",429,0.0201192250372578,"c",0.0201192250372578,"c","EnterovirusC_VP1_Polio2","Y","Y","Y","Y","0","0",0,0,"syn","syn"
"430",430,0.0350223546944858,"a",0.0350223546944858,"a","EnterovirusC_VP1_Polio2","T","T","A","A","1","1",1,1,"nonsyn","nonsyn"
"431",431,0.216840536512668,"c",0.216840536512668,"c","EnterovirusC_VP1_Polio2","T","T","I","I","1","1",0,0,"nonsyn","nonsyn"
"432",432,0.0417287630402385,"t",0.0417287630402385,"t","EnterovirusC_VP1_Polio2","T","T","T","T","0","0",1,1,"syn","syn"
"433",433,0.0156482861400894,"g",0.0156482861400894,"g","EnterovirusC_VP1_Polio2","D","D","N","N","1","1",0,0,"nonsyn","nonsyn"
"434",434,0.0156482861400894,"a",0.0156482861400894,"a","EnterovirusC_VP1_Polio2","D","D","G","G","1","1",0,0,"nonsyn","nonsyn"
"435",435,0.150521609538003,"t",0.150521609538003,"t","EnterovirusC_VP1_Polio2","D","D","D","D","0","0",1,1,"syn","syn"
"436",436,0.0283159463487332,"g",0.0283159463487332,"g","EnterovirusC_VP1_Polio2","A","A","T","T","1","1",0,0,"nonsyn","nonsyn"
"437",437,0.000745156482861401,"c",0.000745156482861401,"c","EnterovirusC_VP1_Polio2","A","A","V","V","0","0",0,0,"nonsyn","nonsyn"
"438",438,0.011177347242921,"a",0.011177347242921,"a","EnterovirusC_VP1_Polio2","A","A","A","A","0","0",1,1,"syn","syn"
"439",439,0,"a",0,"a","EnterovirusC_VP1_Polio2","N","N","D","D","1","1",0,0,"nonsyn","nonsyn"
"440",440,0.0022354694485842,"a",0.0022354694485842,"a","EnterovirusC_VP1_Polio2","N","N","S","S","0","0",0,0,"nonsyn","nonsyn"
"441",441,0.150521609538003,"t",0.836065573770492,"c","EnterovirusC_VP1_Polio2","N","N","N","N","0","0",0,0,"syn","syn"
"442",442,0,"a",0,"a","EnterovirusC_VP1_Polio2","N","N","D","D","1","1",0,1,"nonsyn","nonsyn"
"443",443,0.00521609538002981,"a",0.00521609538002981,"a","EnterovirusC_VP1_Polio2","N","N","S","S","0","0",0,0,"nonsyn","nonsyn"
"444",444,0.0193740685543964,"c",0.0193740685543964,"c","EnterovirusC_VP1_Polio2","N","N","N","N","0","0",0,0,"syn","syn"
"445",445,0,"g",0,"g","EnterovirusC_VP1_Polio2","G","G","R","R","1","1",0,0,"nonsyn","nonsyn"
"446",446,0,"g",0,"g","EnterovirusC_VP1_Polio2","G","G","E","E","1","1",0,0,"nonsyn","nonsyn"
"447",447,0.0327868852459016,"a",0.0327868852459016,"a","EnterovirusC_VP1_Polio2","G","G","G","G","0","0",0,0,"syn","syn"
"448",448,0,"c",0,"c","EnterovirusC_VP1_Polio2","H","H","Y","Y","1","1",0,0,"nonsyn","nonsyn"
"449",449,0,"a",0,"a","EnterovirusC_VP1_Polio2","H","H","R","R","0","0",1,1,"nonsyn","nonsyn"
"450",450,0.040983606557377,"t",0.040983606557377,"t","EnterovirusC_VP1_Polio2","H","H","H","H","0","0",1,1,"syn","syn"
"451",451,0,"g",0,"g","EnterovirusC_VP1_Polio2","A","A","T","T","1","1",0,0,"nonsyn","nonsyn"
"452",452,0,"c",0,"c","EnterovirusC_VP1_Polio2","A","A","V","V","0","0",0,0,"nonsyn","nonsyn"
"453",453,0.00968703427719821,"a",0.00968703427719821,"a","EnterovirusC_VP1_Polio2","A","A","A","A","0","0",1,1,"syn","syn"
"454",454,0.0350223546944858,"t",0.948584202682563,"c","EnterovirusC_VP1_Polio2","L","L","L","L","0","0",0,0,"syn","syn"
"455",455,0,"t",0,"t","EnterovirusC_VP1_Polio2","L","L","S","P","1","1",1,1,"nonsyn","nonsyn"
"456",456,0.0290611028315946,"g",0.0290611028315946,"g","EnterovirusC_VP1_Polio2","L","L","L","L","0","0",0,0,"syn","syn"
"457",457,0.0014903129657228,"a",0.0014903129657228,"a","EnterovirusC_VP1_Polio2","N","N","D","D","1","1",0,0,"nonsyn","nonsyn"
"458",458,0,"a",0,"a","EnterovirusC_VP1_Polio2","N","N","S","S","0","0",0,0,"nonsyn","nonsyn"
"459",459,0.0126676602086438,"c",0.0126676602086438,"c","EnterovirusC_VP1_Polio2","N","N","N","N","0","0",0,0,"syn","syn"
"460",460,0,"c",0,"c","EnterovirusC_VP1_Polio2","Q","Q","*","*","1","1",0,0,"nonsense","nonsense"
"461",461,0,"a",0,"a","EnterovirusC_VP1_Polio2","Q","Q","R","R","1","1",1,1,"nonsyn","nonsyn"
"462",462,0.0968703427719821,"a",0.0968703427719821,"a","EnterovirusC_VP1_Polio2","Q","Q","Q","Q","0","0",0,0,"syn","syn"
"463",463,0.0014903129657228,"g",0.0014903129657228,"g","EnterovirusC_VP1_Polio2","V","V","I","I","0","0",0,0,"nonsyn","nonsyn"
"464",464,0,"t",0,"t","EnterovirusC_VP1_Polio2","V","V","A","A","0","0",0,0,"nonsyn","nonsyn"
"465",465,0.0178837555886736,"t",0.0178837555886736,"t","EnterovirusC_VP1_Polio2","V","V","V","V","0","0",0,0,"syn","syn"
"466",466,0,"t",0,"t","EnterovirusC_VP1_Polio2","Y","Y","H","H","1","1",0,0,"nonsyn","nonsyn"
"467",467,0,"a",0,"a","EnterovirusC_VP1_Polio2","Y","Y","C","C","1","1",0,0,"nonsyn","nonsyn"
"468",468,0.15424739195231,"t",0.833830104321908,"c","EnterovirusC_VP1_Polio2","Y","Y","Y","Y","0","0",0,0,"syn","syn"
"469",469,0,"c",0,"c","EnterovirusC_VP1_Polio2","Q","Q","*","*","1","1",0,0,"nonsense","nonsense"
"470",470,0,"a",0,"a","EnterovirusC_VP1_Polio2","Q","Q","R","R","1","1",1,1,"nonsyn","nonsyn"
"471",471,0.0178837555886736,"g",0.970193740685544,"a","EnterovirusC_VP1_Polio2","Q","Q","Q","Q","0","0",0,0,"syn","syn"
"472",472,0,"a",0,"a","EnterovirusC_VP1_Polio2","I","I","V","V","0","0",0,0,"nonsyn","nonsyn"
"473",473,0,"t",0,"t","EnterovirusC_VP1_Polio2","I","I","T","T","1","1",0,0,"nonsyn","nonsyn"
"474",474,0,"a",0,"a","EnterovirusC_VP1_Polio2","I","I","M","M","0","0",0,0,"nonsyn","nonsyn"
"475",475,0,"a",0,"a","EnterovirusC_VP1_Polio2","M","M","V","V","0","0",0,0,"nonsyn","nonsyn"
"476",476,0,"t",0,"t","EnterovirusC_VP1_Polio2","M","M","T","T","1","1",1,1,"nonsyn","nonsyn"
"477",477,0,"g",0,"g","EnterovirusC_VP1_Polio2","M","M","I","I","0","0",0,0,"nonsyn","nonsyn"
"478",478,0,"t",0,"t","EnterovirusC_VP1_Polio2","Y","Y","H","H","1","1",0,0,"nonsyn","nonsyn"
"479",479,0,"a",0,"a","EnterovirusC_VP1_Polio2","Y","Y","C","C","1","1",0,0,"nonsyn","nonsyn"
"480",480,0.225782414307004,"t",0.761549925484352,"c","EnterovirusC_VP1_Polio2","Y","Y","Y","Y","0","0",0,0,"syn","syn"
"481",481,0.000745156482861401,"a",0.000745156482861401,"a","EnterovirusC_VP1_Polio2","I","I","V","V","0","0",0,1,"nonsyn","nonsyn"
"482",482,0,"t",0,"t","EnterovirusC_VP1_Polio2","I","I","T","T","1","1",0,0,"nonsyn","nonsyn"
"483",483,0,"a",0,"a","EnterovirusC_VP1_Polio2","I","I","M","M","0","0",0,0,"nonsyn","nonsyn"
"484",484,0,"c",0,"c","EnterovirusC_VP1_Polio2","P","P","S","S","1","1",0,0,"nonsyn","nonsyn"
"485",485,0,"c",0,"c","EnterovirusC_VP1_Polio2","P","P","L","L","1","1",0,0,"nonsyn","nonsyn"
"486",486,0.0320417287630402,"a",0.0320417287630402,"a","EnterovirusC_VP1_Polio2","P","P","P","P","0","0",1,1,"syn","syn"
"487",487,0,"c",0,"c","EnterovirusC_VP1_Polio2","P","P","S","S","1","1",0,0,"nonsyn","nonsyn"
"488",488,0,"c",0,"c","EnterovirusC_VP1_Polio2","P","P","L","L","1","1",0,0,"nonsyn","nonsyn"
"489",489,0.0387481371087928,"c",0.944858420268256,"t","EnterovirusC_VP1_Polio2","P","P","P","P","0","0",0,1,"syn","syn"
"490",490,0,"g",0,"g","EnterovirusC_VP1_Polio2","G","G","R","R","1","1",0,0,"nonsyn","nonsyn"
"491",491,0,"g",0,"g","EnterovirusC_VP1_Polio2","G","G","E","E","1","1",0,0,"nonsyn","nonsyn"
"492",492,0.0104321907600596,"a",0.0104321907600596,"a","EnterovirusC_VP1_Polio2","G","G","G","G","0","0",0,0,"syn","syn"
"493",493,0,"g",0,"g","EnterovirusC_VP1_Polio2","A","A","T","T","1","1",0,0,"nonsyn","nonsyn"
"494",494,0,"c",0,"c","EnterovirusC_VP1_Polio2","A","A","V","V","0","0",0,0,"nonsyn","nonsyn"
"495",495,0.00894187779433681,"a",0.00894187779433681,"a","EnterovirusC_VP1_Polio2","A","A","A","A","0","0",1,1,"syn","syn"
"496",496,0,"c",0,"c","EnterovirusC_VP1_Polio2","P","P","S","S","1","1",0,0,"nonsyn","nonsyn"
"497",497,0,"c",0,"c","EnterovirusC_VP1_Polio2","P","P","L","L","1","1",0,0,"nonsyn","nonsyn"
"498",498,0.0648286140089419,"t",0.0648286140089419,"t","EnterovirusC_VP1_Polio2","P","P","P","P","0","0",0,0,"syn","syn"
"499",499,0,"a",0,"a","EnterovirusC_VP1_Polio2","I","I","V","V","0","0",0,0,"nonsyn","nonsyn"
"500",500,0.000745156482861401,"t",0.000745156482861401,"t","EnterovirusC_VP1_Polio2","I","I","T","T","1","1",0,0,"nonsyn","nonsyn"
"501",501,0.0856929955290611,"c",0.0856929955290611,"c","EnterovirusC_VP1_Polio2","I","I","I","I","0","0",0,0,"syn","syn"
"502",502,0,"c",0,"c","EnterovirusC_VP1_Polio2","P","P","S","S","1","1",0,0,"nonsyn","nonsyn"
"503",503,0,"c",0,"c","EnterovirusC_VP1_Polio2","P","P","L","L","1","1",0,0,"nonsyn","nonsyn"
"504",504,0.0178837555886736,"t",0.0178837555886736,"t","EnterovirusC_VP1_Polio2","P","P","P","P","0","0",1,1,"syn","syn"
"505",505,0.000745156482861401,"g",0.000745156482861401,"g","EnterovirusC_VP1_Polio2","G","G","S","S","1","1",0,0,"nonsyn","nonsyn"
"506",506,0.0029806259314456,"g",0.0029806259314456,"g","EnterovirusC_VP1_Polio2","G","G","D","D","1","1",0,0,"nonsyn","nonsyn"
"507",507,0.151266766020864,"t",0.827123695976155,"c","EnterovirusC_VP1_Polio2","G","G","G","G","0","0",0,0,"syn","syn"
"508",508,0.0126676602086438,"a",0.0126676602086438,"a","EnterovirusC_VP1_Polio2","K","K","E","E","1","1",0,1,"nonsyn","nonsyn"
"509",509,0,"a",0,"a","EnterovirusC_VP1_Polio2","K","K","R","R","0","0",0,0,"nonsyn","nonsyn"
"510",510,0.165424739195231,"a",0.165424739195231,"a","EnterovirusC_VP1_Polio2","K","K","K","K","0","0",0,0,"syn","syn"
"511",511,0,"t",0,"t","EnterovirusC_VP1_Polio2","W","W","R","R","1","1",1,1,"nonsyn","nonsyn"
"512",512,0.000745156482861401,"g",0.000745156482861401,"g","EnterovirusC_VP1_Polio2","W","W","*","*","1","1",0,0,"nonsense","nonsense"
"513",513,0,"g",0,"g","EnterovirusC_VP1_Polio2","W","W","*","*","1","1",0,0,"nonsense","nonsense"
"514",514,0.114008941877794,"a",0.871087928464978,"g","EnterovirusC_VP1_Polio2","N","N","D","N","1","0",0,0,"nonsyn","syn"
"515",515,0,"a",0,"a","EnterovirusC_VP1_Polio2","N","N","S","G","0","1",0,0,"nonsyn","nonsyn"
"516",516,0.0804769001490313,"t",0.0804769001490313,"t","EnterovirusC_VP1_Polio2","N","N","N","D","0","1",1,1,"syn","nonsyn"
"517",517,0,"g",0,"g","EnterovirusC_VP1_Polio2","D","D","N","N","1","1",0,0,"nonsyn","nonsyn"
"518",518,0,"a",0,"a","EnterovirusC_VP1_Polio2","D","D","G","G","1","1",0,0,"nonsyn","nonsyn"
"519",519,0.0923994038748137,"c",0.0923994038748137,"c","EnterovirusC_VP1_Polio2","D","D","D","D","0","0",0,0,"syn","syn"
"520",520,0,"t",0,"t","EnterovirusC_VP1_Polio2","Y","Y","H","H","1","1",0,0,"nonsyn","nonsyn"
"521",521,0,"a",0,"a","EnterovirusC_VP1_Polio2","Y","Y","C","C","1","1",0,0,"nonsyn","nonsyn"
"522",522,0.147540983606557,"t",0.832339791356185,"c","EnterovirusC_VP1_Polio2","Y","Y","Y","Y","0","0",0,0,"syn","syn"
"523",523,0,"a",0,"a","EnterovirusC_VP1_Polio2","T","T","A","A","1","1",0,1,"nonsyn","nonsyn"
"524",524,0,"c",0,"c","EnterovirusC_VP1_Polio2","T","T","M","I","1","1",0,0,"nonsyn","nonsyn"
"525",525,0.0916542473919523,"g",0.861400894187779,"a","EnterovirusC_VP1_Polio2","T","T","T","T","0","0",0,1,"syn","syn"
"526",526,0,"t",0,"t","EnterovirusC_VP1_Polio2","W","W","R","R","1","1",1,1,"nonsyn","nonsyn"
"527",527,0,"g",0,"g","EnterovirusC_VP1_Polio2","W","W","*","*","1","1",0,0,"nonsense","nonsense"
"528",528,0,"g",0,"g","EnterovirusC_VP1_Polio2","W","W","*","*","1","1",0,0,"nonsense","nonsense"
"529",529,0,"c",0,"c","EnterovirusC_VP1_Polio2","Q","Q","*","*","1","1",0,0,"nonsense","nonsense"
"530",530,0,"a",0,"a","EnterovirusC_VP1_Polio2","Q","Q","R","R","1","1",1,1,"nonsyn","nonsyn"
"531",531,0.0126676602086438,"g",0.0126676602086438,"g","EnterovirusC_VP1_Polio2","Q","Q","Q","Q","0","0",0,0,"syn","syn"
"532",532,0,"a",0,"a","EnterovirusC_VP1_Polio2","T","T","A","A","1","1",0,0,"nonsyn","nonsyn"
"533",533,0,"c",0,"c","EnterovirusC_VP1_Polio2","T","T","M","I","1","1",0,0,"nonsyn","nonsyn"
"534",534,0.133383010432191,"g",0.764530551415797,"a","EnterovirusC_VP1_Polio2","T","T","T","T","0","0",0,1,"syn","syn"
"535",535,0,"t",0,"t","EnterovirusC_VP1_Polio2","S","S","P","P","1","1",0,0,"nonsyn","nonsyn"
"536",536,0,"c",0,"c","EnterovirusC_VP1_Polio2","S","S","F","F","1","1",0,0,"nonsyn","nonsyn"
"537",537,0.0596125186289121,"c",0.0596125186289121,"c","EnterovirusC_VP1_Polio2","S","S","S","S","0","0",0,0,"syn","syn"
"538",538,0,"t",0,"t","EnterovirusC_VP1_Polio2","S","S","P","P","1","1",0,0,"nonsyn","nonsyn"
"539",539,0.000745156482861401,"c",0.000745156482861401,"c","EnterovirusC_VP1_Polio2","S","S","F","F","1","1",0,0,"nonsyn","nonsyn"
"540",540,0.0782414307004471,"t",0.0782414307004471,"t","EnterovirusC_VP1_Polio2","S","S","S","S","0","0",0,0,"syn","syn"
"541",541,0,"a",0,"a","EnterovirusC_VP1_Polio2","N","N","D","D","1","1",0,0,"nonsyn","nonsyn"
"542",542,0,"a",0,"a","EnterovirusC_VP1_Polio2","N","N","S","S","0","0",0,0,"nonsyn","nonsyn"
"543",543,0.0104321907600596,"c",0.0104321907600596,"c","EnterovirusC_VP1_Polio2","N","N","N","N","0","0",0,0,"syn","syn"
"544",544,0,"c",0,"c","EnterovirusC_VP1_Polio2","P","P","S","S","1","1",0,0,"nonsyn","nonsyn"
"545",545,0,"c",0,"c","EnterovirusC_VP1_Polio2","P","P","L","L","1","1",0,0,"nonsyn","nonsyn"
"546",546,0.123695976154993,"g",0.123695976154993,"g","EnterovirusC_VP1_Polio2","P","P","P","P","0","0",0,0,"syn","syn"
"547",547,0,"t",0,"t","EnterovirusC_VP1_Polio2","S","S","P","P","1","1",0,0,"nonsyn","nonsyn"
"548",548,0,"c",0,"c","EnterovirusC_VP1_Polio2","S","S","L","L","1","1",0,0,"nonsyn","nonsyn"
"549",549,0.0707898658718331,"g",0.906110283159464,"a","EnterovirusC_VP1_Polio2","S","S","S","S","0","0",0,1,"syn","syn"
"550",550,0.0014903129657228,"g",0.0014903129657228,"g","EnterovirusC_VP1_Polio2","V","V","M","M","0","0",0,0,"nonsyn","nonsyn"
"551",551,0,"t",0,"t","EnterovirusC_VP1_Polio2","V","V","A","A","0","0",1,1,"nonsyn","nonsyn"
"552",552,0.0864381520119225,"g",0.0864381520119225,"g","EnterovirusC_VP1_Polio2","V","V","V","V","0","0",0,0,"syn","syn"
"553",553,0,"t",0,"t","EnterovirusC_VP1_Polio2","F","F","L","L","0","0",0,0,"nonsyn","nonsyn"
"554",554,0,"t",0,"t","EnterovirusC_VP1_Polio2","F","F","S","S","1","1",0,0,"nonsyn","nonsyn"
"555",555,0.0268256333830104,"t",0.0268256333830104,"t","EnterovirusC_VP1_Polio2","F","F","F","F","0","0",0,0,"syn","syn"
"556",556,0,"t",0,"t","EnterovirusC_VP1_Polio2","Y","Y","H","H","1","1",0,0,"nonsyn","nonsyn"
"557",557,0,"a",0,"a","EnterovirusC_VP1_Polio2","Y","Y","C","C","1","1",0,0,"nonsyn","nonsyn"
"558",558,0.0439642324888227,"c",0.0439642324888227,"c","EnterovirusC_VP1_Polio2","Y","Y","Y","Y","0","0",0,0,"syn","syn"
"559",559,0.000745156482861401,"a",0.000745156482861401,"a","EnterovirusC_VP1_Polio2","T","T","A","A","1","1",1,1,"nonsyn","nonsyn"
"560",560,0.00745156482861401,"c",0.00745156482861401,"c","EnterovirusC_VP1_Polio2","T","T","I","I","1","1",0,0,"nonsyn","nonsyn"
"561",561,0.0305514157973174,"c",0.0305514157973174,"c","EnterovirusC_VP1_Polio2","T","T","T","T","0","0",0,0,"syn","syn"
"562",562,0,"t",0,"t","EnterovirusC_VP1_Polio2","Y","Y","H","H","1","1",0,0,"nonsyn","nonsyn"
"563",563,0,"a",0,"a","EnterovirusC_VP1_Polio2","Y","Y","C","C","1","1",0,0,"nonsyn","nonsyn"
"564",564,0.0178837555886736,"t",0.0178837555886736,"t","EnterovirusC_VP1_Polio2","Y","Y","Y","Y","0","0",1,1,"syn","syn"
"565",565,0,"g",0,"g","EnterovirusC_VP1_Polio2","G","G","R","R","1","1",0,0,"nonsyn","nonsyn"
"566",566,0,"g",0,"g","EnterovirusC_VP1_Polio2","G","G","E","E","1","1",0,0,"nonsyn","nonsyn"
"567",567,0.108792846497765,"g",0.867362146050671,"a","EnterovirusC_VP1_Polio2","G","G","G","G","0","0",0,0,"syn","syn"
"568",568,0,"g",0,"g","EnterovirusC_VP1_Polio2","A","A","T","T","1","1",0,0,"nonsyn","nonsyn"
"569",569,0,"c",0,"c","EnterovirusC_VP1_Polio2","A","A","V","V","0","0",0,0,"nonsyn","nonsyn"
"570",570,0.105067064083458,"g",0.105067064083458,"g","EnterovirusC_VP1_Polio2","A","A","A","A","0","0",0,0,"syn","syn"
"571",571,0.0014903129657228,"c",0.0014903129657228,"c","EnterovirusC_VP1_Polio2","P","P","S","S","1","1",0,0,"nonsyn","nonsyn"
"572",572,0,"c",0,"c","EnterovirusC_VP1_Polio2","P","P","L","L","1","1",0,0,"nonsyn","nonsyn"
"573",573,0.0268256333830104,"c",0.0268256333830104,"c","EnterovirusC_VP1_Polio2","P","P","P","P","0","0",0,0,"syn","syn"
"574",574,0.000745156482861401,"c",0.000745156482861401,"c","EnterovirusC_VP1_Polio2","P","P","S","S","1","1",0,0,"nonsyn","nonsyn"
"575",575,0,"c",0,"c","EnterovirusC_VP1_Polio2","P","P","L","L","1","1",0,0,"nonsyn","nonsyn"
"576",576,0.0163934426229508,"a",0.0163934426229508,"a","EnterovirusC_VP1_Polio2","P","P","P","P","0","0",1,1,"syn","syn"
"577",577,0,"g",0,"g","EnterovirusC_VP1_Polio2","A","A","T","T","1","1",0,0,"nonsyn","nonsyn"
"578",578,0.0014903129657228,"c",0.0014903129657228,"c","EnterovirusC_VP1_Polio2","A","A","V","V","0","0",0,0,"nonsyn","nonsyn"
"579",579,0.0640834575260805,"a",0.0640834575260805,"a","EnterovirusC_VP1_Polio2","A","A","A","A","0","0",1,1,"syn","syn"
"580",580,0,"a",0,"a","EnterovirusC_VP1_Polio2","R","R","G","G","1","1",0,0,"nonsyn","nonsyn"
"581",581,0,"g",0,"g","EnterovirusC_VP1_Polio2","R","R","K","K","0","0",0,0,"nonsyn","nonsyn"
"582",582,0.003725782414307,"a",0.003725782414307,"a","EnterovirusC_VP1_Polio2","R","R","R","R","0","0",0,0,"syn","syn"
"583",583,0,"a",0,"a","EnterovirusC_VP1_Polio2","I","I","V","V","0","0",0,0,"nonsyn","nonsyn"
"584",584,0,"t",0,"t","EnterovirusC_VP1_Polio2","I","I","T","T","1","1",0,0,"nonsyn","nonsyn"
"585",585,0.000745156482861401,"a",0.000745156482861401,"a","EnterovirusC_VP1_Polio2","I","I","M","M","0","0",0,0,"nonsyn","nonsyn"
"586",586,0,"t",0,"t","EnterovirusC_VP1_Polio2","S","S","P","P","1","1",0,0,"nonsyn","nonsyn"
"587",587,0,"c",0,"c","EnterovirusC_VP1_Polio2","S","S","L","L","1","1",0,0,"nonsyn","nonsyn"
"588",588,0.0119225037257824,"a",0.0119225037257824,"a","EnterovirusC_VP1_Polio2","S","S","S","S","0","0",1,1,"syn","syn"
"589",589,0.000745156482861401,"g",0.000745156482861401,"g","EnterovirusC_VP1_Polio2","V","V","M","M","0","0",0,0,"nonsyn","nonsyn"
"590",590,0,"t",0,"t","EnterovirusC_VP1_Polio2","V","V","A","A","0","0",1,1,"nonsyn","nonsyn"
"591",591,0.00670640834575261,"g",0.00670640834575261,"g","EnterovirusC_VP1_Polio2","V","V","V","V","0","0",0,0,"syn","syn"
"592",592,0,"c",0,"c","EnterovirusC_VP1_Polio2","P","P","S","S","1","1",0,0,"nonsyn","nonsyn"
"593",593,0.000745156482861401,"c",0.000745156482861401,"c","EnterovirusC_VP1_Polio2","P","P","L","L","1","1",0,0,"nonsyn","nonsyn"
"594",594,0.0230998509687034,"c",0.0230998509687034,"c","EnterovirusC_VP1_Polio2","P","P","P","P","0","0",0,0,"syn","syn"
"595",595,0,"t",0,"t","EnterovirusC_VP1_Polio2","Y","Y","H","H","1","1",0,0,"nonsyn","nonsyn"
"596",596,0,"a",0,"a","EnterovirusC_VP1_Polio2","Y","Y","C","C","1","1",0,0,"nonsyn","nonsyn"
"597",597,0.129657228017884,"c",0.855439642324888,"t","EnterovirusC_VP1_Polio2","Y","Y","Y","Y","0","0",0,1,"syn","syn"
"598",598,0.0022354694485842,"g",0.0022354694485842,"g","EnterovirusC_VP1_Polio2","V","V","M","M","0","0",0,0,"nonsyn","nonsyn"
"599",599,0,"t",0,"t","EnterovirusC_VP1_Polio2","V","V","A","A","0","0",1,1,"nonsyn","nonsyn"
"600",600,0.0245901639344262,"g",0.0245901639344262,"g","EnterovirusC_VP1_Polio2","V","V","V","V","0","0",0,0,"syn","syn"
"601",601,0,"g",0,"g","EnterovirusC_VP1_Polio2","G","G","R","R","1","1",0,0,"nonsyn","nonsyn"
"602",602,0,"g",0,"g","EnterovirusC_VP1_Polio2","G","G","E","E","1","1",0,0,"nonsyn","nonsyn"
"603",603,0.0402384500745156,"a",0.0402384500745156,"a","EnterovirusC_VP1_Polio2","G","G","G","G","0","0",0,0,"syn","syn"
"604",604,0,"a",0,"a","EnterovirusC_VP1_Polio2","I","I","V","V","0","0",0,0,"nonsyn","nonsyn"
"605",605,0.000745156482861401,"t",0.000745156482861401,"t","EnterovirusC_VP1_Polio2","I","I","T","T","1","1",0,0,"nonsyn","nonsyn"
"606",606,0.0543964232488823,"t",0.0543964232488823,"t","EnterovirusC_VP1_Polio2","I","I","I","I","0","0",1,1,"syn","syn"
"607",607,0.000745156482861401,"g",0.000745156482861401,"g","EnterovirusC_VP1_Polio2","A","A","T","T","1","1",0,0,"nonsyn","nonsyn"
"608",608,0,"c",0,"c","EnterovirusC_VP1_Polio2","A","A","V","V","0","0",0,0,"nonsyn","nonsyn"
"609",609,0.107302533532042,"t",0.107302533532042,"t","EnterovirusC_VP1_Polio2","A","A","A","A","0","0",0,0,"syn","syn"
"610",610,0,"a",0,"a","EnterovirusC_VP1_Polio2","N","N","D","D","1","1",0,0,"nonsyn","nonsyn"
"611",611,0,"a",0,"a","EnterovirusC_VP1_Polio2","N","N","S","S","0","0",0,0,"nonsyn","nonsyn"
"612",612,0.0991058122205663,"t",0.0991058122205663,"t","EnterovirusC_VP1_Polio2","N","N","N","N","0","0",1,1,"syn","syn"
"613",613,0,"g",0,"g","EnterovirusC_VP1_Polio2","A","A","T","T","1","1",0,0,"nonsyn","nonsyn"
"614",614,0,"c",0,"c","EnterovirusC_VP1_Polio2","A","A","V","V","0","0",0,0,"nonsyn","nonsyn"
"615",615,0.11177347242921,"g",0.869597615499255,"a","EnterovirusC_VP1_Polio2","A","A","A","A","0","0",0,1,"syn","syn"
"616",616,0,"t",0,"t","EnterovirusC_VP1_Polio2","Y","Y","H","H","1","1",0,0,"nonsyn","nonsyn"
"617",617,0,"a",0,"a","EnterovirusC_VP1_Polio2","Y","Y","C","C","1","1",0,0,"nonsyn","nonsyn"
"618",618,0.231743666169896,"t",0.752608047690015,"c","EnterovirusC_VP1_Polio2","Y","Y","Y","Y","0","0",0,0,"syn","syn"
"619",619,0,"t",0,"t","EnterovirusC_VP1_Polio2","S","S","P","P","1","1",0,0,"nonsyn","nonsyn"
"620",620,0,"c",0,"c","EnterovirusC_VP1_Polio2","S","S","F","F","1","1",0,0,"nonsyn","nonsyn"
"621",621,0.0104321907600596,"c",0.0104321907600596,"c","EnterovirusC_VP1_Polio2","S","S","S","S","0","0",0,0,"syn","syn"
"622",622,0,"c",0,"c","EnterovirusC_VP1_Polio2","H","H","Y","Y","1","1",0,0,"nonsyn","nonsyn"
"623",623,0,"a",0,"a","EnterovirusC_VP1_Polio2","H","H","R","R","0","0",1,1,"nonsyn","nonsyn"
"624",624,0.0439642324888227,"c",0.0439642324888227,"c","EnterovirusC_VP1_Polio2","H","H","H","H","0","0",0,0,"syn","syn"
"625",625,0.000745156482861401,"t",0.000745156482861401,"t","EnterovirusC_VP1_Polio2","F","F","L","L","0","0",0,0,"nonsyn","nonsyn"
"626",626,0.0014903129657228,"t",0.0014903129657228,"t","EnterovirusC_VP1_Polio2","F","F","S","S","1","1",0,0,"nonsyn","nonsyn"
"627",627,0.0357675111773472,"t",0.0357675111773472,"t","EnterovirusC_VP1_Polio2","F","F","F","F","0","0",0,0,"syn","syn"
"628",628,0.000745156482861401,"t",0.000745156482861401,"t","EnterovirusC_VP1_Polio2","Y","Y","H","H","1","1",0,0,"nonsyn","nonsyn"
"629",629,0,"a",0,"a","EnterovirusC_VP1_Polio2","Y","Y","C","C","1","1",0,0,"nonsyn","nonsyn"
"630",630,0.0707898658718331,"t",0.0707898658718331,"t","EnterovirusC_VP1_Polio2","Y","Y","Y","Y","0","0",1,1,"syn","syn"
"631",631,0,"g",0,"g","EnterovirusC_VP1_Polio2","D","D","N","N","1","1",0,0,"nonsyn","nonsyn"
"632",632,0,"a",0,"a","EnterovirusC_VP1_Polio2","D","D","G","G","1","1",0,0,"nonsyn","nonsyn"
"633",633,0.03725782414307,"t",0.03725782414307,"t","EnterovirusC_VP1_Polio2","D","D","D","D","0","0",1,1,"syn","syn"
"634",634,0,"g",0,"g","EnterovirusC_VP1_Polio2","G","G","R","R","1","1",0,0,"nonsyn","nonsyn"
"635",635,0,"g",0,"g","EnterovirusC_VP1_Polio2","G","G","E","E","1","1",0,0,"nonsyn","nonsyn"
"636",636,0.0253353204172876,"g",0.0253353204172876,"g","EnterovirusC_VP1_Polio2","G","G","G","G","0","0",0,0,"syn","syn"
"637",637,0,"t",0,"t","EnterovirusC_VP1_Polio2","F","F","L","L","0","0",0,0,"nonsyn","nonsyn"
"638",638,0,"t",0,"t","EnterovirusC_VP1_Polio2","F","F","S","S","1","1",0,0,"nonsyn","nonsyn"
"639",639,0.0141579731743666,"t",0.0141579731743666,"t","EnterovirusC_VP1_Polio2","F","F","F","F","0","0",1,1,"syn","syn"
"640",640,0,"g",0,"g","EnterovirusC_VP1_Polio2","A","A","T","T","1","1",0,0,"nonsyn","nonsyn"
"641",641,0,"c",0,"c","EnterovirusC_VP1_Polio2","A","A","V","V","0","0",0,0,"nonsyn","nonsyn"
"642",642,0.0439642324888227,"a",0.0022354694485842,"c","EnterovirusC_VP1_Polio2","A","A","A","A","0","0",1,0,"syn","syn"
"643",643,0,"a",0,"a","EnterovirusC_VP1_Polio2","K","K","E","E","1","1",0,1,"nonsyn","nonsyn"
"644",644,0.0014903129657228,"a",0.0014903129657228,"a","EnterovirusC_VP1_Polio2","K","K","R","R","0","0",0,0,"nonsyn","nonsyn"
"645",645,0.0327868852459016,"a",0.0327868852459016,"a","EnterovirusC_VP1_Polio2","K","K","K","K","0","0",0,0,"syn","syn"
"646",646,0.029806259314456,"g",0.029806259314456,"g","EnterovirusC_VP1_Polio2","V","V","I","I","0","0",0,0,"nonsyn","nonsyn"
"647",647,0,"t",0,"t","EnterovirusC_VP1_Polio2","V","V","A","A","0","0",0,0,"nonsyn","nonsyn"
"648",648,0.0715350223546945,"a",0.0715350223546945,"a","EnterovirusC_VP1_Polio2","V","V","V","V","0","0",0,0,"syn","syn"
"649",649,0,"c",0,"c","EnterovirusC_VP1_Polio2","P","P","S","S","1","1",0,0,"nonsyn","nonsyn"
"650",650,0,"c",0,"c","EnterovirusC_VP1_Polio2","P","P","L","L","1","1",0,0,"nonsyn","nonsyn"
"651",651,0.011177347242921,"a",0.011177347242921,"a","EnterovirusC_VP1_Polio2","P","P","P","P","0","0",1,1,"syn","syn"
"652",652,0.0126676602086438,"c",0.0126676602086438,"c","EnterovirusC_VP1_Polio2","L","L","L","L","0","0",0,0,"syn","syn"
"653",653,0,"t",0,"t","EnterovirusC_VP1_Polio2","L","L","P","P","1","1",0,0,"nonsyn","nonsyn"
"654",654,0.0469448584202683,"a",0.0469448584202683,"a","EnterovirusC_VP1_Polio2","L","L","L","L","0","0",0,0,"syn","syn"
"655",655,0.0029806259314456,"g",0.0029806259314456,"g","EnterovirusC_VP1_Polio2","A","A","T","T","1","1",0,0,"nonsyn","nonsyn"
"656",656,0.0022354694485842,"c",0.0022354694485842,"c","EnterovirusC_VP1_Polio2","A","A","V","V","0","0",0,0,"nonsyn","nonsyn"
"657",657,0.116244411326379,"g",0.116244411326379,"g","EnterovirusC_VP1_Polio2","A","A","A","A","0","0",0,0,"syn","syn"
"658",658,0.00521609538002981,"g",0.00521609538002981,"g","EnterovirusC_VP1_Polio2","G","G","S","S","1","1",0,0,"nonsyn","nonsyn"
"659",659,0.000745156482861401,"g",0.000745156482861401,"g","EnterovirusC_VP1_Polio2","G","G","D","D","1","1",0,0,"nonsyn","nonsyn"
"660",660,0.0163934426229508,"t",0.0163934426229508,"t","EnterovirusC_VP1_Polio2","G","G","G","G","0","0",0,0,"syn","syn"
"661",661,0,"c",0,"c","EnterovirusC_VP1_Polio2","Q","Q","*","*","1","1",0,0,"nonsense","nonsense"
"662",662,0,"a",0,"a","EnterovirusC_VP1_Polio2","Q","Q","R","R","1","1",1,1,"nonsyn","nonsyn"
"663",663,0.0819672131147541,"a",0.0819672131147541,"a","EnterovirusC_VP1_Polio2","Q","Q","Q","Q","0","0",0,0,"syn","syn"
"664",664,0.00968703427719821,"g",0.00968703427719821,"g","EnterovirusC_VP1_Polio2","A","A","T","T","1","1",0,0,"nonsyn","nonsyn"
"665",665,0.0134128166915052,"c",0.0134128166915052,"c","EnterovirusC_VP1_Polio2","A","A","V","V","0","0",0,0,"nonsyn","nonsyn"
"666",666,0.011177347242921,"c",0.011177347242921,"c","EnterovirusC_VP1_Polio2","A","A","A","A","0","0",0,0,"syn","syn"
"667",667,0.0499254843517139,"t",0.0499254843517139,"t","EnterovirusC_VP1_Polio2","S","S","P","P","1","1",0,0,"nonsyn","nonsyn"
"668",668,0.00745156482861401,"c",0.00745156482861401,"c","EnterovirusC_VP1_Polio2","S","S","L","L","1","1",0,0,"nonsyn","nonsyn"
"669",669,0.00968703427719821,"a",0.00968703427719821,"a","EnterovirusC_VP1_Polio2","S","S","S","S","0","0",1,1,"syn","syn"
"670",670,0.00521609538002981,"a",0.00521609538002981,"a","EnterovirusC_VP1_Polio2","T","T","A","A","1","1",0,0,"nonsyn","nonsyn"
"671",671,0.0022354694485842,"c",0.0022354694485842,"c","EnterovirusC_VP1_Polio2","T","T","I","I","1","1",0,0,"nonsyn","nonsyn"
"672",672,0.0178837555886736,"t",0.0014903129657228,"a","EnterovirusC_VP1_Polio2","T","T","T","T","0","0",1,1,"syn","syn"
"673",673,0,"g",0,"g","EnterovirusC_VP1_Polio2","E","E","K","K","1","1",0,0,"nonsyn","nonsyn"
"674",674,0,"a",0,"a","EnterovirusC_VP1_Polio2","E","E","G","G","1","1",0,0,"nonsyn","nonsyn"
"675",675,0.0193740685543964,"a",0.0193740685543964,"a","EnterovirusC_VP1_Polio2","E","E","E","E","0","0",0,0,"syn","syn"
"676",676,0,"g",0,"g","EnterovirusC_VP1_Polio2","G","G","S","S","1","1",0,0,"nonsyn","nonsyn"
"677",677,0,"g",0,"g","EnterovirusC_VP1_Polio2","G","G","D","D","1","1",0,0,"nonsyn","nonsyn"
"678",678,0.110283159463487,"c",0.873323397913562,"t","EnterovirusC_VP1_Polio2","G","G","G","G","0","0",0,1,"syn","syn"
"679",679,0,"g",0,"g","EnterovirusC_VP1_Polio2","D","D","N","N","1","1",0,0,"nonsyn","nonsyn"
"680",680,0,"a",0,"a","EnterovirusC_VP1_Polio2","D","D","G","G","1","1",0,0,"nonsyn","nonsyn"
"681",681,0.0290611028315946,"t",0.955290611028316,"c","EnterovirusC_VP1_Polio2","D","D","D","D","0","0",0,0,"syn","syn"
"682",682,0,"t",0,"t","EnterovirusC_VP1_Polio2","S","S","P","P","1","1",0,0,"nonsyn","nonsyn"
"683",683,0,"c",0,"c","EnterovirusC_VP1_Polio2","S","S","L","L","1","1",0,0,"nonsyn","nonsyn"
"684",684,0.0245901639344262,"g",0.0245901639344262,"g","EnterovirusC_VP1_Polio2","S","S","S","S","0","0",0,0,"syn","syn"
"685",685,0.00819672131147541,"t",0.00819672131147541,"t","EnterovirusC_VP1_Polio2","L","L","L","L","0","0",0,0,"syn","syn"
"686",686,0,"t",0,"t","EnterovirusC_VP1_Polio2","L","L","S","S","1","1",1,0,"nonsyn","nonsyn"
"687",687,0.0320417287630402,"g",0.953055141579732,"a","EnterovirusC_VP1_Polio2","L","L","L","L","0","0",0,0,"syn","syn"
"688",688,0.000745156482861401,"t",0.000745156482861401,"t","EnterovirusC_VP1_Polio2","Y","Y","H","H","1","1",0,0,"nonsyn","nonsyn"
"689",689,0.000745156482861401,"a",0.000745156482861401,"a","EnterovirusC_VP1_Polio2","Y","Y","C","C","1","1",0,0,"nonsyn","nonsyn"
"690",690,0.184053651266766,"c",0.800298062593145,"t","EnterovirusC_VP1_Polio2","Y","Y","Y","Y","0","0",0,1,"syn","syn"
"691",691,0.0014903129657228,"g",0.0014903129657228,"g","EnterovirusC_VP1_Polio2","G","G","S","S","1","1",0,0,"nonsyn","nonsyn"
"692",692,0,"g",0,"g","EnterovirusC_VP1_Polio2","G","G","D","D","1","1",0,0,"nonsyn","nonsyn"
"693",693,0.199701937406855,"t",0.199701937406855,"t","EnterovirusC_VP1_Polio2","G","G","G","G","0","0",1,1,"syn","syn"
"694",694,0.00596125186289121,"g",0.00596125186289121,"g","EnterovirusC_VP1_Polio2","A","A","T","T","1","1",0,0,"nonsyn","nonsyn"
"695",695,0.00894187779433681,"c",0.00894187779433681,"c","EnterovirusC_VP1_Polio2","A","A","V","V","0","0",0,0,"nonsyn","nonsyn"
"696",696,0.0193740685543964,"t",0.0193740685543964,"t","EnterovirusC_VP1_Polio2","A","A","A","A","0","0",1,1,"syn","syn"
"697",697,0.000745156482861401,"g",0.000745156482861401,"g","EnterovirusC_VP1_Polio2","A","A","T","T","1","1",0,0,"nonsyn","nonsyn"
"698",698,0.0014903129657228,"c",0.0014903129657228,"c","EnterovirusC_VP1_Polio2","A","A","V","V","0","0",0,0,"nonsyn","nonsyn"
"699",699,0.14903129657228,"c",0.14903129657228,"c","EnterovirusC_VP1_Polio2","A","A","A","A","0","0",0,0,"syn","syn"
"700",700,0,"t",0,"t","EnterovirusC_VP1_Polio2","S","S","P","P","1","1",0,0,"nonsyn","nonsyn"
"701",701,0,"c",0,"c","EnterovirusC_VP1_Polio2","S","S","L","L","1","1",0,0,"nonsyn","nonsyn"
"702",702,0.0119225037257824,"a",0.0119225037257824,"a","EnterovirusC_VP1_Polio2","S","S","S","S","0","0",1,1,"syn","syn"
"703",703,0.0134128166915052,"c",0.0134128166915052,"c","EnterovirusC_VP1_Polio2","L","L","L","L","0","0",0,0,"syn","syn"
"704",704,0,"t",0,"t","EnterovirusC_VP1_Polio2","L","L","P","P","1","1",1,1,"nonsyn","nonsyn"
"705",705,0.0692995529061103,"g",0.0692995529061103,"g","EnterovirusC_VP1_Polio2","L","L","L","L","0","0",0,0,"syn","syn"
"706",706,0.0022354694485842,"a",0.0022354694485842,"a","EnterovirusC_VP1_Polio2","N","N","D","D","1","1",0,0,"nonsyn","nonsyn"
"707",707,0,"a",0,"a","EnterovirusC_VP1_Polio2","N","N","S","S","0","0",0,0,"nonsyn","nonsyn"
"708",708,0.03725782414307,"t",0.03725782414307,"t","EnterovirusC_VP1_Polio2","N","N","N","N","0","0",1,1,"syn","syn"
"709",709,0.000745156482861401,"g",0.000745156482861401,"g","EnterovirusC_VP1_Polio2","D","D","N","N","1","1",0,0,"nonsyn","nonsyn"
"710",710,0,"a",0,"a","EnterovirusC_VP1_Polio2","D","D","G","G","1","1",0,0,"nonsyn","nonsyn"
"711",711,0.0611028315946349,"t",0.0611028315946349,"t","EnterovirusC_VP1_Polio2","D","D","D","D","0","0",0,0,"syn","syn"
"712",712,0,"t",0,"t","EnterovirusC_VP1_Polio2","F","F","L","L","0","0",0,0,"nonsyn","nonsyn"
"713",713,0,"t",0,"t","EnterovirusC_VP1_Polio2","F","F","S","S","1","1",0,0,"nonsyn","nonsyn"
"714",714,0.0819672131147541,"t",0.0819672131147541,"t","EnterovirusC_VP1_Polio2","F","F","F","F","0","0",1,1,"syn","syn"
"715",715,0,"g",0,"g","EnterovirusC_VP1_Polio2","G","G","R","R","1","1",0,0,"nonsyn","nonsyn"
"716",716,0,"g",0,"g","EnterovirusC_VP1_Polio2","G","G","E","E","1","1",0,0,"nonsyn","nonsyn"
"717",717,0.183308494783905,"a",0.801043219076006,"g","EnterovirusC_VP1_Polio2","G","G","G","G","0","0",0,0,"syn","syn"
"718",718,0,"t",0,"t","EnterovirusC_VP1_Polio2","S","S","P","P","1","1",0,0,"nonsyn","nonsyn"
"719",719,0.000745156482861401,"c",0.000745156482861401,"c","EnterovirusC_VP1_Polio2","S","S","L","L","1","1",0,0,"nonsyn","nonsyn"
"720",720,0.0424739195230999,"a",0.0424739195230999,"a","EnterovirusC_VP1_Polio2","S","S","S","S","0","0",1,1,"syn","syn"
"721",721,0.0238450074515648,"c",0.0238450074515648,"c","EnterovirusC_VP1_Polio2","L","L","L","L","0","0",0,0,"syn","syn"
"722",722,0,"t",0,"t","EnterovirusC_VP1_Polio2","L","L","P","P","1","1",1,1,"nonsyn","nonsyn"
"723",723,0.011177347242921,"g",0.011177347242921,"g","EnterovirusC_VP1_Polio2","L","L","L","L","0","0",0,0,"syn","syn"
"724",724,0,"g",0,"g","EnterovirusC_VP1_Polio2","A","A","T","T","1","1",0,0,"nonsyn","nonsyn"
"725",725,0,"c",0,"c","EnterovirusC_VP1_Polio2","A","A","V","V","0","0",0,0,"nonsyn","nonsyn"
"726",726,0.0305514157973174,"t",0.0305514157973174,"t","EnterovirusC_VP1_Polio2","A","A","A","A","0","0",1,1,"syn","syn"
"727",727,0,"g",0,"g","EnterovirusC_VP1_Polio2","V","V","I","I","0","0",0,0,"nonsyn","nonsyn"
"728",728,0,"t",0,"t","EnterovirusC_VP1_Polio2","V","V","A","A","0","0",0,0,"nonsyn","nonsyn"
"729",729,0.0834575260804769,"t",0.0834575260804769,"t","EnterovirusC_VP1_Polio2","V","V","V","V","0","0",0,0,"syn","syn"
"730",730,0,"c",0,"c","EnterovirusC_VP1_Polio2","R","R","C","C","1","1",0,0,"nonsyn","nonsyn"
"731",731,0,"g",0,"g","EnterovirusC_VP1_Polio2","R","R","H","H","0","0",0,0,"nonsyn","nonsyn"
"732",732,0.0208643815201192,"c",0.0208643815201192,"c","EnterovirusC_VP1_Polio2","R","R","R","R","0","0",0,0,"syn","syn"
"733",733,0,"g",0,"g","EnterovirusC_VP1_Polio2","V","V","M","M","0","0",0,0,"nonsyn","nonsyn"
"734",734,0,"t",0,"t","EnterovirusC_VP1_Polio2","V","V","A","A","0","0",1,1,"nonsyn","nonsyn"
"735",735,0.0104321907600596,"g",0.0104321907600596,"g","EnterovirusC_VP1_Polio2","V","V","V","V","0","0",0,0,"syn","syn"
"736",736,0,"g",0,"g","EnterovirusC_VP1_Polio2","V","V","I","M","0","0",0,0,"nonsyn","nonsyn"
"737",737,0,"t",0,"t","EnterovirusC_VP1_Polio2","V","V","A","A","0","0",0,1,"nonsyn","nonsyn"
"738",738,0.0923994038748137,"a",0.880774962742176,"g","EnterovirusC_VP1_Polio2","V","V","V","V","0","0",0,0,"syn","syn"
"739",739,0,"a",0,"a","EnterovirusC_VP1_Polio2","N","N","D","D","1","1",0,0,"nonsyn","nonsyn"
"740",740,0,"a",0,"a","EnterovirusC_VP1_Polio2","N","N","S","S","0","0",0,0,"nonsyn","nonsyn"
"741",741,0.0201192250372578,"t",0.0201192250372578,"t","EnterovirusC_VP1_Polio2","N","N","N","N","0","0",1,1,"syn","syn"
"742",742,0,"g",0,"g","EnterovirusC_VP1_Polio2","D","D","N","N","1","1",0,0,"nonsyn","nonsyn"
"743",743,0,"a",0,"a","EnterovirusC_VP1_Polio2","D","D","G","G","1","1",0,0,"nonsyn","nonsyn"
"744",744,0.0365126676602086,"t",0.0365126676602086,"t","EnterovirusC_VP1_Polio2","D","D","D","D","0","0",0,0,"syn","syn"
"745",745,0,"c",0,"c","EnterovirusC_VP1_Polio2","H","H","Y","Y","1","1",0,0,"nonsyn","nonsyn"
"746",746,0,"a",0,"a","EnterovirusC_VP1_Polio2","H","H","R","R","0","0",1,1,"nonsyn","nonsyn"
"747",747,0.0201192250372578,"c",0.0201192250372578,"c","EnterovirusC_VP1_Polio2","H","H","H","H","0","0",0,0,"syn","syn"
"748",748,0,"a",0,"a","EnterovirusC_VP1_Polio2","N","N","D","D","1","1",1,1,"nonsyn","nonsyn"
"749",749,0,"a",0,"a","EnterovirusC_VP1_Polio2","N","N","S","S","0","0",0,0,"nonsyn","nonsyn"
"750",750,0.0387481371087928,"c",0.0387481371087928,"c","EnterovirusC_VP1_Polio2","N","N","N","N","0","0",0,0,"syn","syn"
"751",751,0,"c",0,"c","EnterovirusC_VP1_Polio2","P","P","S","S","1","1",0,0,"nonsyn","nonsyn"
"752",752,0,"c",0,"c","EnterovirusC_VP1_Polio2","P","P","L","L","1","1",0,0,"nonsyn","nonsyn"
"753",753,0.00521609538002981,"c",0.00521609538002981,"c","EnterovirusC_VP1_Polio2","P","P","P","P","0","0",0,0,"syn","syn"
"754",754,0.000745156482861401,"a",0.000745156482861401,"a","EnterovirusC_VP1_Polio2","T","T","A","A","1","1",1,1,"nonsyn","nonsyn"
"755",755,0,"c",0,"c","EnterovirusC_VP1_Polio2","T","T","M","M","1","1",0,0,"nonsyn","nonsyn"
"756",756,0.0909090909090909,"g",0.0909090909090909,"g","EnterovirusC_VP1_Polio2","T","T","T","T","0","0",0,0,"syn","syn"
"757",757,0,"c",0,"c","EnterovirusC_VP1_Polio2","R","R","W","W","1","1",0,0,"nonsyn","nonsyn"
"758",758,0.0022354694485842,"g",0.0022354694485842,"g","EnterovirusC_VP1_Polio2","R","R","Q","Q","1","1",0,0,"nonsyn","nonsyn"
"759",759,0.129657228017884,"g",0.129657228017884,"g","EnterovirusC_VP1_Polio2","R","R","R","R","0","0",0,0,"syn","syn"
"760",760,0,"c",0,"c","EnterovirusC_VP1_Polio2","L","L","F","F","0","0",0,0,"nonsyn","nonsyn"
"761",761,0,"t",0,"t","EnterovirusC_VP1_Polio2","L","L","P","P","1","1",0,0,"nonsyn","nonsyn"
"762",762,0.0134128166915052,"c",0.0134128166915052,"c","EnterovirusC_VP1_Polio2","L","L","L","L","0","0",0,0,"syn","syn"
"763",763,0.000745156482861401,"a",0.000745156482861401,"a","EnterovirusC_VP1_Polio2","T","T","A","A","1","1",1,1,"nonsyn","nonsyn"
"764",764,0.000745156482861401,"c",0.000745156482861401,"c","EnterovirusC_VP1_Polio2","T","T","I","I","1","1",0,0,"nonsyn","nonsyn"
"765",765,0.0447093889716841,"c",0.0447093889716841,"c","EnterovirusC_VP1_Polio2","T","T","T","T","0","0",0,0,"syn","syn"
"766",766,0,"t",0,"t","EnterovirusC_VP1_Polio2","S","S","P","P","1","1",0,0,"nonsyn","nonsyn"
"767",767,0,"c",0,"c","EnterovirusC_VP1_Polio2","S","S","F","F","1","1",0,0,"nonsyn","nonsyn"
"768",768,0.0625931445603577,"c",0.0625931445603577,"c","EnterovirusC_VP1_Polio2","S","S","S","S","0","0",0,0,"syn","syn"
"769",769,0,"a",0,"a","EnterovirusC_VP1_Polio2","K","K","E","E","1","1",1,1,"nonsyn","nonsyn"
"770",770,0,"a",0,"a","EnterovirusC_VP1_Polio2","K","K","R","R","0","0",0,0,"nonsyn","nonsyn"
"771",771,0.0417287630402385,"g",0.0417287630402385,"g","EnterovirusC_VP1_Polio2","K","K","K","K","0","0",0,0,"syn","syn"
"772",772,0.0171385991058122,"a",0.96795827123696,"g","EnterovirusC_VP1_Polio2","I","I","V","I","0","0",0,0,"nonsyn","syn"
"773",773,0,"t",0,"t","EnterovirusC_VP1_Polio2","I","I","T","A","1","0",0,0,"nonsyn","nonsyn"
"774",774,0.0268256333830104,"c",0.0268256333830104,"c","EnterovirusC_VP1_Polio2","I","I","I","V","0","0",0,0,"syn","nonsyn"
"775",775,0,"a",0,"a","EnterovirusC_VP1_Polio2","R","R","G","G","1","1",1,1,"nonsyn","nonsyn"
"776",776,0,"g",0,"g","EnterovirusC_VP1_Polio2","R","R","K","K","0","0",0,0,"nonsyn","nonsyn"
"777",777,0.0476900149031297,"a",0.0476900149031297,"a","EnterovirusC_VP1_Polio2","R","R","R","R","0","0",0,0,"syn","syn"
"778",778,0.000745156482861401,"g",0.000745156482861401,"g","EnterovirusC_VP1_Polio2","V","V","M","M","0","0",0,0,"nonsyn","nonsyn"
"779",779,0,"t",0,"t","EnterovirusC_VP1_Polio2","V","V","A","A","0","0",1,1,"nonsyn","nonsyn"
"780",780,0.0663189269746647,"g",0.0663189269746647,"g","EnterovirusC_VP1_Polio2","V","V","V","V","0","0",0,0,"syn","syn"
"781",781,0,"t",0,"t","EnterovirusC_VP1_Polio2","Y","Y","H","H","1","1",0,0,"nonsyn","nonsyn"
"782",782,0.000745156482861401,"a",0.000745156482861401,"a","EnterovirusC_VP1_Polio2","Y","Y","C","C","1","1",0,0,"nonsyn","nonsyn"
"783",783,0.022354694485842,"c",0.022354694485842,"c","EnterovirusC_VP1_Polio2","Y","Y","Y","Y","0","0",0,0,"syn","syn"
"784",784,0,"a",0,"a","EnterovirusC_VP1_Polio2","M","M","V","V","0","0",1,1,"nonsyn","nonsyn"
"785",785,0,"t",0,"t","EnterovirusC_VP1_Polio2","M","M","T","T","1","1",1,1,"nonsyn","nonsyn"
"786",786,0,"g",0,"g","EnterovirusC_VP1_Polio2","M","M","I","I","0","0",0,0,"nonsyn","nonsyn"
"787",787,0,"a",0,"a","EnterovirusC_VP1_Polio2","K","K","E","E","1","1",0,0,"nonsyn","nonsyn"
"788",788,0,"a",0,"a","EnterovirusC_VP1_Polio2","K","K","R","R","0","0",0,0,"nonsyn","nonsyn"
"789",789,0.0230998509687034,"g",0.0230998509687034,"g","EnterovirusC_VP1_Polio2","K","K","K","K","0","0",0,0,"syn","syn"
"790",790,0,"c",0,"c","EnterovirusC_VP1_Polio2","P","P","S","S","1","1",0,0,"nonsyn","nonsyn"
"791",791,0,"c",0,"c","EnterovirusC_VP1_Polio2","P","P","L","L","1","1",0,0,"nonsyn","nonsyn"
"792",792,0.0760059612518629,"a",0.0029806259314456,"c","EnterovirusC_VP1_Polio2","P","P","P","P","0","0",1,0,"syn","syn"
"793",793,0,"a",0,"a","EnterovirusC_VP1_Polio2","K","K","E","E","1","1",0,1,"nonsyn","nonsyn"
"794",794,0,"a",0,"a","EnterovirusC_VP1_Polio2","K","K","R","R","0","0",0,0,"nonsyn","nonsyn"
"795",795,0.0216095380029806,"g",0.96274217585693,"a","EnterovirusC_VP1_Polio2","K","K","K","K","0","0",0,0,"syn","syn"
"796",796,0,"c",0,"c","EnterovirusC_VP1_Polio2","H","H","Y","Y","1","1",0,0,"nonsyn","nonsyn"
"797",797,0,"a",0,"a","EnterovirusC_VP1_Polio2","H","H","R","R","0","0",1,1,"nonsyn","nonsyn"
"798",798,0.0312965722801788,"t",0.953055141579732,"c","EnterovirusC_VP1_Polio2","H","H","H","H","0","0",1,0,"syn","syn"
"799",799,0.00819672131147541,"g",0.00819672131147541,"g","EnterovirusC_VP1_Polio2","V","V","I","I","0","0",0,0,"nonsyn","nonsyn"
"800",800,0,"t",0,"t","EnterovirusC_VP1_Polio2","V","V","A","A","0","0",0,0,"nonsyn","nonsyn"
"801",801,0.0230998509687034,"c",0.0230998509687034,"c","EnterovirusC_VP1_Polio2","V","V","V","V","0","0",0,0,"syn","syn"
"802",802,0,"a",0,"a","EnterovirusC_VP1_Polio2","R","R","G","G","1","1",1,1,"nonsyn","nonsyn"
"803",803,0.000745156482861401,"g",0.000745156482861401,"g","EnterovirusC_VP1_Polio2","R","R","K","K","0","0",0,0,"nonsyn","nonsyn"
"804",804,0.0312965722801788,"a",0.0312965722801788,"a","EnterovirusC_VP1_Polio2","R","R","R","R","0","0",0,0,"syn","syn"
"805",805,0.000745156482861401,"g",0.000745156482861401,"g","EnterovirusC_VP1_Polio2","V","V","I","I","0","0",0,0,"nonsyn","nonsyn"
"806",806,0,"t",0,"t","EnterovirusC_VP1_Polio2","V","V","A","A","0","0",0,0,"nonsyn","nonsyn"
"807",807,0.0178837555886736,"c",0.0178837555886736,"c","EnterovirusC_VP1_Polio2","V","V","V","V","0","0",0,0,"syn","syn"
"808",808,0,"t",0,"t","EnterovirusC_VP1_Polio2","W","W","R","R","1","1",1,1,"nonsyn","nonsyn"
"809",809,0,"g",0,"g","EnterovirusC_VP1_Polio2","W","W","*","*","1","1",0,0,"nonsense","nonsense"
"810",810,0,"g",0,"g","EnterovirusC_VP1_Polio2","W","W","*","*","1","1",0,0,"nonsense","nonsense"
"811",811,0,"t",0,"t","EnterovirusC_VP1_Polio2","C","C","R","R","1","1",1,1,"nonsyn","nonsyn"
"812",812,0,"g",0,"g","EnterovirusC_VP1_Polio2","C","C","Y","Y","1","1",0,0,"nonsyn","nonsyn"
"813",813,0.0268256333830104,"c",0.0268256333830104,"c","EnterovirusC_VP1_Polio2","C","C","C","C","0","0",0,0,"syn","syn"
"814",814,0,"c",0,"c","EnterovirusC_VP1_Polio2","P","P","S","S","1","1",0,0,"nonsyn","nonsyn"
"815",815,0,"c",0,"c","EnterovirusC_VP1_Polio2","P","P","L","L","1","1",0,0,"nonsyn","nonsyn"
"816",816,0.00745156482861401,"a",0.00745156482861401,"a","EnterovirusC_VP1_Polio2","P","P","P","P","0","0",1,1,"syn","syn"
"817",817,0.000745156482861401,"c",0.000745156482861401,"c","EnterovirusC_VP1_Polio2","R","R","*","*","1","1",0,0,"nonsense","nonsense"
"818",818,0,"g",0,"g","EnterovirusC_VP1_Polio2","R","R","Q","Q","1","1",0,0,"nonsyn","nonsyn"
"819",819,0.0879284649776453,"a",0.0879284649776453,"a","EnterovirusC_VP1_Polio2","R","R","R","R","0","0",0,0,"syn","syn"
"820",820,0,"c",0,"c","EnterovirusC_VP1_Polio2","P","P","S","S","1","1",0,0,"nonsyn","nonsyn"
"821",821,0,"c",0,"c","EnterovirusC_VP1_Polio2","P","P","L","L","1","1",0,0,"nonsyn","nonsyn"
"822",822,0.0156482861400894,"t",0.0156482861400894,"t","EnterovirusC_VP1_Polio2","P","P","P","P","0","0",0,0,"syn","syn"
"823",823,0,"c",0,"c","EnterovirusC_VP1_Polio2","P","P","S","S","1","1",0,0,"nonsyn","nonsyn"
"824",824,0,"c",0,"c","EnterovirusC_VP1_Polio2","P","P","L","L","1","1",0,0,"nonsyn","nonsyn"
"825",825,0.011177347242921,"a",0.011177347242921,"a","EnterovirusC_VP1_Polio2","P","P","P","P","0","0",1,1,"syn","syn"
"826",826,0,"c",0,"c","EnterovirusC_VP1_Polio2","R","R","*","*","1","1",0,0,"nonsense","nonsense"
"827",827,0,"g",0,"g","EnterovirusC_VP1_Polio2","R","R","Q","Q","1","1",0,0,"nonsyn","nonsyn"
"828",828,0.0506706408345753,"a",0.0506706408345753,"a","EnterovirusC_VP1_Polio2","R","R","R","R","0","0",0,0,"syn","syn"
"829",829,0.0014903129657228,"g",0.0014903129657228,"g","EnterovirusC_VP1_Polio2","A","A","T","T","1","1",0,0,"nonsyn","nonsyn"
"830",830,0.00894187779433681,"c",0.00894187779433681,"c","EnterovirusC_VP1_Polio2","A","A","V","V","0","0",0,0,"nonsyn","nonsyn"
"831",831,0.0916542473919523,"a",0.0916542473919523,"a","EnterovirusC_VP1_Polio2","A","A","A","A","0","0",1,1,"syn","syn"
"832",832,0,"g",0,"g","EnterovirusC_VP1_Polio2","V","V","I","I","0","0",0,0,"nonsyn","nonsyn"
"833",833,0,"t",0,"t","EnterovirusC_VP1_Polio2","V","V","A","A","0","0",0,0,"nonsyn","nonsyn"
"834",834,0.0871833084947839,"c",0.88822652757079,"t","EnterovirusC_VP1_Polio2","V","V","V","V","0","0",0,0,"syn","syn"
"835",835,0.000745156482861401,"c",0.000745156482861401,"c","EnterovirusC_VP1_Polio2","P","P","S","S","1","1",0,0,"nonsyn","nonsyn"
"836",836,0,"c",0,"c","EnterovirusC_VP1_Polio2","P","P","L","L","1","1",0,0,"nonsyn","nonsyn"
"837",837,0.0432190760059613,"a",0.0432190760059613,"a","EnterovirusC_VP1_Polio2","P","P","P","P","0","0",1,1,"syn","syn"
"838",838,0,"t",0,"t","EnterovirusC_VP1_Polio2","Y","Y","H","H","1","1",0,0,"nonsyn","nonsyn"
"839",839,0,"a",0,"a","EnterovirusC_VP1_Polio2","Y","Y","C","C","1","1",0,0,"nonsyn","nonsyn"
"840",840,0.0521609538002981,"c",0.0521609538002981,"c","EnterovirusC_VP1_Polio2","Y","Y","Y","Y","0","0",0,0,"syn","syn"
"841",841,0,"t",0,"t","EnterovirusC_VP1_Polio2","F","F","L","H","0","1",0,0,"nonsyn","nonsyn"
"842",842,0,"t",0,"a","EnterovirusC_VP1_Polio2","F","F","S","C","1","1",0,0,"nonsyn","nonsyn"
"843",843,0.0320417287630402,"c",0.0320417287630402,"c","EnterovirusC_VP1_Polio2","F","F","F","Y","0","0",0,0,"syn","nonsyn"
"844",844,0,"g",0,"g","EnterovirusC_VP1_Polio2","G","G","R","R","1","1",0,0,"nonsyn","nonsyn"
"845",845,0,"g",0,"g","EnterovirusC_VP1_Polio2","G","G","E","E","1","1",0,0,"nonsyn","nonsyn"
"846",846,0.0760059612518629,"a",0.905365126676602,"g","EnterovirusC_VP1_Polio2","G","G","G","G","0","0",0,0,"syn","syn"
"847",847,0,"c",0,"c","EnterovirusC_VP1_Polio2","P","P","S","S","1","1",0,0,"nonsyn","nonsyn"
"848",848,0,"c",0,"c","EnterovirusC_VP1_Polio2","P","P","L","L","1","1",0,0,"nonsyn","nonsyn"
"849",849,0.0834575260804769,"a",0.0834575260804769,"a","EnterovirusC_VP1_Polio2","P","P","P","P","0","0",1,1,"syn","syn"
"850",850,0,"g",0,"g","EnterovirusC_VP1_Polio2","G","G","S","S","1","1",0,0,"nonsyn","nonsyn"
"851",851,0,"g",0,"g","EnterovirusC_VP1_Polio2","G","G","D","D","1","1",0,0,"nonsyn","nonsyn"
"852",852,0.0424739195230999,"t",0.935171385991058,"c","EnterovirusC_VP1_Polio2","G","G","G","G","0","0",1,0,"syn","syn"
"853",853,0,"g",0,"g","EnterovirusC_VP1_Polio2","V","V","I","I","0","0",0,0,"nonsyn","nonsyn"
"854",854,0,"t",0,"t","EnterovirusC_VP1_Polio2","V","V","A","A","0","0",0,0,"nonsyn","nonsyn"
"855",855,0.0827123695976155,"t",0.0827123695976155,"t","EnterovirusC_VP1_Polio2","V","V","V","V","0","0",1,1,"syn","syn"
"856",856,0,"g",0,"g","EnterovirusC_VP1_Polio2","D","D","N","N","1","1",0,0,"nonsyn","nonsyn"
"857",857,0,"a",0,"a","EnterovirusC_VP1_Polio2","D","D","G","G","1","1",0,0,"nonsyn","nonsyn"
"858",858,0.0305514157973174,"t",0.0305514157973174,"t","EnterovirusC_VP1_Polio2","D","D","D","D","0","0",0,0,"syn","syn"
"859",859,0.000745156482861401,"t",0.000745156482861401,"t","EnterovirusC_VP1_Polio2","Y","Y","H","H","1","1",0,0,"nonsyn","nonsyn"
"860",860,0,"a",0,"a","EnterovirusC_VP1_Polio2","Y","Y","C","C","1","1",0,0,"nonsyn","nonsyn"
"861",861,0.140834575260805,"t",0.84053651266766,"c","EnterovirusC_VP1_Polio2","Y","Y","Y","Y","0","0",0,0,"syn","syn"
"862",862,0,"a",0,"a","EnterovirusC_VP1_Polio2","K","K","E","E","1","1",0,1,"nonsyn","nonsyn"
"863",863,0.0014903129657228,"a",0.0014903129657228,"a","EnterovirusC_VP1_Polio2","K","K","R","R","0","0",0,0,"nonsyn","nonsyn"
"864",864,0.018628912071535,"a",0.018628912071535,"a","EnterovirusC_VP1_Polio2","K","K","K","K","0","0",0,0,"syn","syn"
"865",865,0.00521609538002981,"g",0.00521609538002981,"g","EnterovirusC_VP1_Polio2","D","D","N","N","1","1",0,0,"nonsyn","nonsyn"
"866",866,0,"a",0,"a","EnterovirusC_VP1_Polio2","D","D","G","G","1","1",0,0,"nonsyn","nonsyn"
"867",867,0.0290611028315946,"t",0.0290611028315946,"t","EnterovirusC_VP1_Polio2","D","D","D","D","0","0",1,1,"syn","syn"
"868",868,0.000745156482861401,"g",0.000745156482861401,"g","EnterovirusC_VP1_Polio2","G","G","R","R","1","1",0,0,"nonsyn","nonsyn"
"869",869,0.00521609538002981,"g",0.00521609538002981,"g","EnterovirusC_VP1_Polio2","G","G","E","E","1","1",0,0,"nonsyn","nonsyn"
"870",870,0.0290611028315946,"g",0.0290611028315946,"g","EnterovirusC_VP1_Polio2","G","G","G","G","0","0",0,0,"syn","syn"
"871",871,0.0014903129657228,"c",0.0014903129657228,"c","EnterovirusC_VP1_Polio2","L","L","F","F","0","0",0,0,"nonsyn","nonsyn"
"872",872,0,"t",0,"t","EnterovirusC_VP1_Polio2","L","L","P","P","1","1",0,0,"nonsyn","nonsyn"
"873",873,0.011177347242921,"c",0.011177347242921,"c","EnterovirusC_VP1_Polio2","L","L","L","L","0","0",0,0,"syn","syn"
"874",874,0.022354694485842,"a",0.022354694485842,"a","EnterovirusC_VP1_Polio2","T","T","A","A","1","1",1,1,"nonsyn","nonsyn"
"875",875,0,"c",0,"c","EnterovirusC_VP1_Polio2","T","T","I","I","1","1",0,0,"nonsyn","nonsyn"
"876",876,0.0178837555886736,"c",0.956035767511177,"t","EnterovirusC_VP1_Polio2","T","T","T","T","0","0",0,0,"syn","syn"
"877",877,0,"c",0,"c","EnterovirusC_VP1_Polio2","P","P","S","S","1","1",0,0,"nonsyn","nonsyn"
"878",878,0,"c",0,"c","EnterovirusC_VP1_Polio2","P","P","L","L","1","1",0,0,"nonsyn","nonsyn"
"879",879,0.011177347242921,"a",0.011177347242921,"a","EnterovirusC_VP1_Polio2","P","P","P","P","0","0",1,1,"syn","syn"
"880",880,0.0834575260804769,"c",0.899403874813711,"t","EnterovirusC_VP1_Polio2","L","L","L","L","0","0",0,0,"syn","syn"
"881",881,0,"t",0,"t","EnterovirusC_VP1_Polio2","L","L","P","S","1","1",0,0,"nonsyn","nonsyn"
"882",882,0.0275707898658718,"a",0.0275707898658718,"a","EnterovirusC_VP1_Polio2","L","L","L","L","0","0",0,0,"syn","syn"
"883",883,0.0394932935916542,"c",0.943368107302534,"t","EnterovirusC_VP1_Polio2","P","P","S","P","1","0",0,0,"nonsyn","syn"
"884",884,0,"c",0,"c","EnterovirusC_VP1_Polio2","P","P","L","L","1","1",0,0,"nonsyn","nonsyn"
"885",885,0.00968703427719821,"a",0.00968703427719821,"a","EnterovirusC_VP1_Polio2","P","P","P","S","0","1",1,1,"syn","nonsyn"
"886",886,0.000745156482861401,"g",0.000745156482861401,"g","EnterovirusC_VP1_Polio2","E","E","K","K","1","1",0,0,"nonsyn","nonsyn"
"887",887,0,"a",0,"a","EnterovirusC_VP1_Polio2","E","E","G","G","1","1",0,0,"nonsyn","nonsyn"
"888",888,0.0871833084947839,"a",0.0871833084947839,"a","EnterovirusC_VP1_Polio2","E","E","E","E","0","0",0,0,"syn","syn"
"889",889,0,"a",0,"a","EnterovirusC_VP1_Polio2","K","K","E","E","1","1",0,0,"nonsyn","nonsyn"
"890",890,0,"a",0,"a","EnterovirusC_VP1_Polio2","K","K","R","R","0","0",0,0,"nonsyn","nonsyn"
"891",891,0.0916542473919523,"g",0.889716840536513,"a","EnterovirusC_VP1_Polio2","K","K","K","K","0","0",0,0,"syn","syn"
"892",892,0,"g",0,"g","EnterovirusC_VP1_Polio2","G","G","R","R","1","1",0,0,"nonsyn","nonsyn"
"893",893,0,"g",0,"g","EnterovirusC_VP1_Polio2","G","G","E","E","1","1",0,0,"nonsyn","nonsyn"
"894",894,0.018628912071535,"a",0.018628912071535,"a","EnterovirusC_VP1_Polio2","G","G","G","G","0","0",0,0,"syn","syn"
"895",895,0.0454545454545455,"t",0.0454545454545455,"t","EnterovirusC_VP1_Polio2","L","L","L","L","0","0",0,0,"syn","syn"
"896",896,0,"t",0,"t","EnterovirusC_VP1_Polio2","L","L","S","S","1","1",0,0,"nonsyn","nonsyn"
"897",897,0.0290611028315946,"a",0.0290611028315946,"a","EnterovirusC_VP1_Polio2","L","L","L","L","0","0",0,0,"syn","syn"
"898",898,0,"a",0,"a","EnterovirusC_VP1_Polio2","T","T","A","A","1","1",0,0,"nonsyn","nonsyn"
"899",899,0,"c",0,"c","EnterovirusC_VP1_Polio2","T","T","M","M","1","1",0,0,"nonsyn","nonsyn"
"900",900,0.105067064083458,"g",0.105067064083458,"g","EnterovirusC_VP1_Polio2","T","T","T","T","0","0",0,0,"syn","syn"
"901",901,0,"a",0,"a","EnterovirusC_VP1_Polio2","T","T","A","A","1","1",0,0,"nonsyn","nonsyn"
"902",902,0,"c",0,"c","EnterovirusC_VP1_Polio2","T","T","I","I","1","1",0,0,"nonsyn","nonsyn"
"903",903,0.0245901639344262,"t",0.0022354694485842,"a","EnterovirusC_VP1_Polio2","T","T","T","T","0","0",0,1,"syn","syn"
"904",904,0.000745156482861401,"t",0.000745156482861401,"t","EnterovirusC_VP1_Polio2","Y","Y","H","H","1","1",0,0,"nonsyn","nonsyn"
"905",905,0.000745156482861401,"a",0.000745156482861401,"a","EnterovirusC_VP1_Polio2","Y","Y","C","C","1","1",0,0,"nonsyn","nonsyn"
"906",906,0.10655737704918,"t",0.10655737704918,"t","EnterovirusC_VP1_Polio2","Y","Y","Y","Y","0","0",0,0,"syn","syn"
