"","num","Freq","wtnt_consensus","Virus","WTAA_consensus","MUTAA","bigAAchange","makesCpG","TypeOfSite"
"1",1,0,"-","HBV_A_S","X","X","0",0,"syn"
"2",2,0,"-","HBV_A_S","X","X","0",0,"syn"
"3",3,0,"-","HBV_A_S","X","X","0",0,"syn"
"4",4,0,"-","HBV_A_S","X","X","0",0,"syn"
"5",5,0,"-","HBV_A_S","X","X","0",0,"syn"
"6",6,0,"-","HBV_A_S","X","X","0",0,"syn"
"7",7,0,"-","HBV_A_S","X","X","0",0,"syn"
"8",8,0,"-","HBV_A_S","X","X","0",0,"syn"
"9",9,0,"-","HBV_A_S","X","X","0",0,"syn"
"10",10,0,"-","HBV_A_S","X","X","0",0,"syn"
"11",11,0,"-","HBV_A_S","X","X","0",0,"syn"
"12",12,0,"-","HBV_A_S","X","X","0",0,"syn"
"13",13,0,"-","HBV_A_S","X","X","0",0,"syn"
"14",14,0,"-","HBV_A_S","X","X","0",0,"syn"
"15",15,0,"-","HBV_A_S","X","X","0",0,"syn"
"16",16,0,"-","HBV_A_S","X","X","0",0,"syn"
"17",17,0,"-","HBV_A_S","X","X","0",0,"syn"
"18",18,0,"-","HBV_A_S","X","X","0",0,"syn"
"19",19,0,"-","HBV_A_S","X","X","0",0,"syn"
"20",20,0,"-","HBV_A_S","X","X","0",0,"syn"
"21",21,0,"-","HBV_A_S","X","X","0",0,"syn"
"22",22,0,"-","HBV_A_S","X","X","0",0,"syn"
"23",23,0,"-","HBV_A_S","X","X","0",0,"syn"
"24",24,0,"-","HBV_A_S","X","X","0",0,"syn"
"25",25,0,"-","HBV_A_S","X","X","0",0,"syn"
"26",26,0,"-","HBV_A_S","X","X","0",0,"syn"
"27",27,0,"-","HBV_A_S","X","X","0",0,"syn"
"28",28,0,"-","HBV_A_S","X","X","0",0,"syn"
"29",29,0,"-","HBV_A_S","X","X","0",0,"syn"
"30",30,0,"-","HBV_A_S","X","X","0",0,"syn"
"31",31,0,"-","HBV_A_S","X","X","0",0,"syn"
"32",32,0,"-","HBV_A_S","X","X","0",0,"syn"
"33",33,0,"-","HBV_A_S","X","X","0",0,"syn"
"34",34,0,"-","HBV_A_S","X","X","0",0,"syn"
"35",35,0,"-","HBV_A_S","X","X","0",0,"syn"
"36",36,0,"-","HBV_A_S","X","X","0",0,"syn"
"37",37,0,"-","HBV_A_S","X","X","0",0,"syn"
"38",38,0,"-","HBV_A_S","X","X","0",0,"syn"
"39",39,0,"-","HBV_A_S","X","X","0",0,"syn"
"40",40,0,"-","HBV_A_S","X","X","0",0,"syn"
"41",41,0,"-","HBV_A_S","X","X","0",0,"syn"
"42",42,0,"-","HBV_A_S","X","X","0",0,"syn"
"43",43,0,"-","HBV_A_S","X","X","0",0,"syn"
"44",44,0,"-","HBV_A_S","X","X","0",0,"syn"
"45",45,0,"-","HBV_A_S","X","X","0",0,"syn"
"46",46,0,"-","HBV_A_S","X","X","0",0,"syn"
"47",47,0,"-","HBV_A_S","X","X","0",0,"syn"
"48",48,0,"-","HBV_A_S","X","X","0",0,"syn"
"49",49,0,"-","HBV_A_S","X","X","0",0,"syn"
"50",50,0,"-","HBV_A_S","X","X","0",0,"syn"
"51",51,0,"-","HBV_A_S","X","X","0",0,"syn"
"52",52,0,"-","HBV_A_S","X","X","0",0,"syn"
"53",53,0,"-","HBV_A_S","X","X","0",0,"syn"
"54",54,0,"-","HBV_A_S","X","X","0",0,"syn"
"55",55,0,"-","HBV_A_S","X","X","0",0,"syn"
"56",56,0,"-","HBV_A_S","X","X","0",0,"syn"
"57",57,0,"-","HBV_A_S","X","X","0",0,"syn"
"58",58,0,"-","HBV_A_S","X","X","0",0,"syn"
"59",59,0,"-","HBV_A_S","X","X","0",0,"syn"
"60",60,0,"-","HBV_A_S","X","X","0",0,"syn"
"61",61,0,"-","HBV_A_S","X","X","0",0,"syn"
"62",62,0,"-","HBV_A_S","X","X","0",0,"syn"
"63",63,0,"-","HBV_A_S","X","X","0",0,"syn"
"64",64,0,"-","HBV_A_S","X","X","0",0,"syn"
"65",65,0,"-","HBV_A_S","X","X","0",0,"syn"
"66",66,0,"-","HBV_A_S","X","X","0",0,"syn"
"67",67,0,"-","HBV_A_S","X","X","0",0,"syn"
"68",68,0,"-","HBV_A_S","X","X","0",0,"syn"
"69",69,0,"-","HBV_A_S","X","X","0",0,"syn"
"70",70,0,"-","HBV_A_S","X","X","0",0,"syn"
"71",71,0,"-","HBV_A_S","X","X","0",0,"syn"
"72",72,0,"-","HBV_A_S","X","X","0",0,"syn"
"73",73,0,"-","HBV_A_S","X","X","0",0,"syn"
"74",74,0,"-","HBV_A_S","X","X","0",0,"syn"
"75",75,0,"-","HBV_A_S","X","X","0",0,"syn"
"76",76,0,"-","HBV_A_S","X","X","0",0,"syn"
"77",77,0,"-","HBV_A_S","X","X","0",0,"syn"
"78",78,0,"-","HBV_A_S","X","X","0",0,"syn"
"79",79,0.0114068441064639,"g","HBV_A_S","G","R","1",0,"nonsyn"
"80",80,0.00760456273764259,"g","HBV_A_S","G","E","1",0,"nonsyn"
"81",81,0.0190114068441065,"a","HBV_A_S","G","G","0",0,"syn"
"82",82,0.00380228136882129,"a","HBV_A_S","T","A","1",0,"nonsyn"
"83",83,0,"c","HBV_A_S","T","I","1",0,"nonsyn"
"84",84,0,"a","HBV_A_S","T","T","0",1,"syn"
"85",85,0,"g","HBV_A_S","V","M","0",0,"nonsyn"
"86",86,0,"t","HBV_A_S","V","A","0",1,"nonsyn"
"87",87,0.300380228136882,"g","HBV_A_S","V","V","0",0,"syn"
"88",88,0,"a","HBV_A_S","N","D","1",0,"nonsyn"
"89",89,0.0190114068441065,"a","HBV_A_S","N","S","0",0,"nonsyn"
"90",90,0,"c","HBV_A_S","N","N","0",0,"syn"
"91",91,0,"c","HBV_A_S","P","S","1",0,"nonsyn"
"92",92,0,"c","HBV_A_S","P","L","1",0,"nonsyn"
"93",93,0,"t","HBV_A_S","P","P","0",1,"syn"
"94",94,0,"g","HBV_A_S","V","I","0",0,"nonsyn"
"95",95,0.121673003802281,"t","HBV_A_S","V","A","0",0,"nonsyn"
"96",96,0,"t","HBV_A_S","V","V","0",0,"syn"
"97",97,0,"c","HBV_A_S","P","S","1",0,"nonsyn"
"98",98,0,"c","HBV_A_S","P","L","1",0,"nonsyn"
"99",99,0.171102661596958,"g","HBV_A_S","P","P","0",0,"syn"
"100",100,0,"a","HBV_A_S","T","A","1",0,"nonsyn"
"101",101,0,"c","HBV_A_S","T","I","1",0,"nonsyn"
"102",102,0.00380228136882129,"t","HBV_A_S","T","T","0",0,"syn"
"103",103,0,"a","HBV_A_S","T","A","1",0,"nonsyn"
"104",104,0.319391634980989,"c","HBV_A_S","T","I","1",0,"nonsyn"
"105",105,0,"t","HBV_A_S","T","T","0",1,"syn"
"106",106,0,"g","HBV_A_S","A","T","1",0,"nonsyn"
"107",107,0.0190114068441065,"c","HBV_A_S","A","V","0",0,"nonsyn"
"108",108,0.00380228136882129,"c","HBV_A_S","A","A","0",0,"syn"
"109",109,0,"t","HBV_A_S","S","P","1",0,"nonsyn"
"110",110,0,"c","HBV_A_S","S","L","1",0,"nonsyn"
"111",111,0,"a","HBV_A_S","S","S","0",1,"syn"
"112",112,0,"c","HBV_A_S","L","F","0",0,"nonsyn"
"113",113,0.0304182509505703,"t","HBV_A_S","L","P","1",0,"nonsyn"
"114",114,0,"c","HBV_A_S","L","L","0",0,"syn"
"115",115,0.00380228136882129,"a","HBV_A_S","I","V","0",1,"nonsyn"
"116",116,0,"t","HBV_A_S","I","T","1",0,"nonsyn"
"117",117,0,"c","HBV_A_S","I","I","0",0,"syn"
"118",118,0,"t","HBV_A_S","S","P","1",0,"nonsyn"
"119",119,0,"c","HBV_A_S","S","L","1",0,"nonsyn"
"120",120,0.00760456273764259,"g","HBV_A_S","S","S","0",0,"syn"
"121",121,0,"t","HBV_A_S","S","P","1",0,"nonsyn"
"122",122,0,"c","HBV_A_S","S","L","1",0,"nonsyn"
"123",123,0,"a","HBV_A_S","S","S","0",1,"syn"
"124",124,0,"a","HBV_A_S","I","V","0",0,"nonsyn"
"125",125,0.00380228136882129,"t","HBV_A_S","I","T","1",0,"nonsyn"
"126",126,0,"c","HBV_A_S","I","I","0",0,"syn"
"127",127,0,"t","HBV_A_S","F","L","0",0,"nonsyn"
"128",128,0.429657794676806,"t","HBV_A_S","F","S","1",0,"nonsyn"
"129",129,0,"c","HBV_A_S","F","F","0",0,"syn"
"130",130,0,"t","HBV_A_S","S","P","1",0,"nonsyn"
"131",131,0.00760456273764259,"c","HBV_A_S","S","L","1",0,"nonsyn"
"132",132,0,"g","HBV_A_S","S","S","0",0,"syn"
"133",133,0,"a","HBV_A_S","R","G","1",0,"nonsyn"
"134",134,0.0152091254752852,"g","HBV_A_S","R","K","0",0,"nonsyn"
"135",135,0,"g","HBV_A_S","R","R","0",0,"syn"
"136",136,0,"a","HBV_A_S","I","V","0",0,"nonsyn"
"137",137,0.395437262357414,"t","HBV_A_S","I","T","1",0,"nonsyn"
"138",138,0,"t","HBV_A_S","I","I","0",1,"syn"
"139",139,0,"g","HBV_A_S","G","R","1",0,"nonsyn"
"140",140,0,"g","HBV_A_S","G","E","1",0,"nonsyn"
"141",141,0,"g","HBV_A_S","G","G","0",0,"syn"
"142",142,0,"g","HBV_A_S","D","N","1",0,"nonsyn"
"143",143,0.00380228136882129,"a","HBV_A_S","D","G","1",0,"nonsyn"
"144",144,0,"c","HBV_A_S","D","D","0",0,"syn"
"145",145,0,"c","HBV_A_S","P","S","1",0,"nonsyn"
"146",146,0.0608365019011407,"c","HBV_A_S","P","L","1",0,"nonsyn"
"147",147,0,"t","HBV_A_S","P","P","0",1,"syn"
"148",148,0,"g","HBV_A_S","A","T","1",0,"nonsyn"
"149",149,0.0988593155893536,"c","HBV_A_S","A","V","0",0,"nonsyn"
"150",150,0.20532319391635,"a","HBV_A_S","A","A","0",1,"syn"
"151",151,0.0418250950570342,"c","HBV_A_S","P","S","1",0,"nonsyn"
"152",152,0.0418250950570342,"c","HBV_A_S","P","L","1",0,"nonsyn"
"153",153,0.00380228136882129,"g","HBV_A_S","P","P","0",0,"syn"
"154",154,0,"a","HBV_A_S","N","D","1",0,"nonsyn"
"155",155,0,"a","HBV_A_S","N","S","0",0,"nonsyn"
"156",156,0,"c","HBV_A_S","N","N","0",0,"syn"
"157",157,0,"a","HBV_A_S","M","V","0",1,"nonsyn"
"158",158,0,"t","HBV_A_S","M","T","1",1,"nonsyn"
"159",159,0,"g","HBV_A_S","M","I","0",0,"nonsyn"
"160",160,0,"g","HBV_A_S","E","K","1",0,"nonsyn"
"161",161,0,"a","HBV_A_S","E","G","1",0,"nonsyn"
"162",162,0.460076045627376,"a","HBV_A_S","E","E","0",0,"syn"
"163",163,0.0836501901140684,"a","HBV_A_S","N","D","1",0,"nonsyn"
"164",164,0.448669201520913,"a","HBV_A_S","N","S","0",0,"nonsyn"
"165",165,0,"c","HBV_A_S","N","N","0",0,"syn"
"166",166,0,"a","HBV_A_S","I","V","0",1,"nonsyn"
"167",167,0.0152091254752852,"t","HBV_A_S","I","T","1",0,"nonsyn"
"168",168,0,"c","HBV_A_S","I","I","0",0,"syn"
"169",169,0,"a","HBV_A_S","T","A","1",1,"nonsyn"
"170",170,0,"c","HBV_A_S","T","I","1",0,"nonsyn"
"171",171,0,"a","HBV_A_S","T","T","0",1,"syn"
"172",172,0,"t","HBV_A_S","S","P","1",0,"nonsyn"
"173",173,0,"c","HBV_A_S","S","L","1",0,"nonsyn"
"174",174,0.00380228136882129,"a","HBV_A_S","S","S","0",1,"syn"
"175",175,0.0152091254752852,"g","HBV_A_S","G","R","1",0,"nonsyn"
"176",176,0.00380228136882129,"g","HBV_A_S","G","E","1",0,"nonsyn"
"177",177,0.00380228136882129,"a","HBV_A_S","G","G","0",0,"syn"
"178",178,0.0152091254752852,"t","HBV_A_S","F","L","0",0,"nonsyn"
"179",179,0.00380228136882129,"t","HBV_A_S","F","S","1",0,"nonsyn"
"180",180,0,"c","HBV_A_S","F","F","0",0,"syn"
"181",181,0,"c","HBV_A_S","L","L","0",0,"syn"
"182",182,0,"t","HBV_A_S","L","P","1",0,"nonsyn"
"183",183,0,"a","HBV_A_S","L","L","0",0,"syn"
"184",184,0.0114068441064639,"g","HBV_A_S","G","R","1",0,"nonsyn"
"185",185,0,"g","HBV_A_S","G","E","1",0,"nonsyn"
"186",186,0,"a","HBV_A_S","G","G","0",0,"syn"
"187",187,0,"c","HBV_A_S","P","S","1",0,"nonsyn"
"188",188,0,"c","HBV_A_S","P","L","1",0,"nonsyn"
"189",189,0,"c","HBV_A_S","P","P","0",0,"syn"
"190",190,0,"c","HBV_A_S","L","L","0",0,"syn"
"191",191,0,"t","HBV_A_S","L","P","1",1,"nonsyn"
"192",192,0,"g","HBV_A_S","L","L","0",0,"syn"
"193",193,0,"c","HBV_A_S","L","F","0",0,"nonsyn"
"194",194,0.00380228136882129,"t","HBV_A_S","L","P","1",0,"nonsyn"
"195",195,0,"c","HBV_A_S","L","L","0",0,"syn"
"196",196,0,"g","HBV_A_S","V","M","0",0,"nonsyn"
"197",197,0.00760456273764259,"t","HBV_A_S","V","A","0",1,"nonsyn"
"198",198,0.00760456273764259,"g","HBV_A_S","V","V","0",0,"syn"
"199",199,0,"t","HBV_A_S","L","L","0",0,"syn"
"200",200,0,"t","HBV_A_S","L","S","1",0,"nonsyn"
"201",201,0,"a","HBV_A_S","L","L","0",0,"syn"
"202",202,0,"c","HBV_A_S","Q","*","1",0,"nonsense"
"203",203,0,"a","HBV_A_S","Q","R","1",1,"nonsyn"
"204",204,0,"g","HBV_A_S","Q","Q","0",0,"syn"
"205",205,0,"g","HBV_A_S","A","T","1",0,"nonsyn"
"206",206,0,"c","HBV_A_S","A","V","0",0,"nonsyn"
"207",207,0,"g","HBV_A_S","A","A","0",0,"syn"
"208",208,0,"g","HBV_A_S","G","R","1",0,"nonsyn"
"209",209,0,"g","HBV_A_S","G","E","1",0,"nonsyn"
"210",210,0.00380228136882129,"g","HBV_A_S","G","G","0",0,"syn"
"211",211,0,"t","HBV_A_S","F","L","0",0,"nonsyn"
"212",212,0,"t","HBV_A_S","F","S","1",0,"nonsyn"
"213",213,0,"t","HBV_A_S","F","F","0",0,"syn"
"214",214,0,"t","HBV_A_S","F","L","0",0,"nonsyn"
"215",215,0.026615969581749,"t","HBV_A_S","F","S","1",0,"nonsyn"
"216",216,0,"c","HBV_A_S","F","F","0",0,"syn"
"217",217,0,"t","HBV_A_S","L","L","0",0,"syn"
"218",218,0.00760456273764259,"t","HBV_A_S","L","S","1",1,"nonsyn"
"219",219,0,"g","HBV_A_S","L","L","0",0,"syn"
"220",220,0,"t","HBV_A_S","L","L","0",0,"syn"
"221",221,0,"t","HBV_A_S","L","S","1",1,"nonsyn"
"222",222,0.00380228136882129,"g","HBV_A_S","L","L","0",0,"syn"
"223",223,0,"a","HBV_A_S","T","A","1",0,"nonsyn"
"224",224,0,"c","HBV_A_S","T","I","1",0,"nonsyn"
"225",225,0,"a","HBV_A_S","T","T","0",1,"syn"
"226",226,0,"a","HBV_A_S","K","E","1",0,"nonsyn"
"227",227,0.452471482889734,"a","HBV_A_S","K","R","0",0,"nonsyn"
"228",228,0,"a","HBV_A_S","K","K","0",0,"syn"
"229",229,0.00380228136882129,"a","HBV_A_S","I","V","0",0,"nonsyn"
"230",230,0,"t","HBV_A_S","I","T","1",0,"nonsyn"
"231",231,0,"c","HBV_A_S","I","I","0",0,"syn"
"232",232,0,"c","HBV_A_S","L","F","0",0,"nonsyn"
"233",233,0,"t","HBV_A_S","L","P","1",0,"nonsyn"
"234",234,0,"c","HBV_A_S","L","L","0",0,"syn"
"235",235,0,"a","HBV_A_S","T","A","1",1,"nonsyn"
"236",236,0.00380228136882129,"c","HBV_A_S","T","I","1",0,"nonsyn"
"237",237,0,"a","HBV_A_S","T","T","0",1,"syn"
"238",238,0,"a","HBV_A_S","I","V","0",0,"nonsyn"
"239",239,0,"t","HBV_A_S","I","T","1",0,"nonsyn"
"240",240,0,"a","HBV_A_S","I","M","0",0,"nonsyn"
"241",241,0,"c","HBV_A_S","P","S","1",0,"nonsyn"
"242",242,0,"c","HBV_A_S","P","L","1",0,"nonsyn"
"243",243,0.110266159695817,"g","HBV_A_S","P","P","0",0,"syn"
"244",244,0,"c","HBV_A_S","Q","*","1",0,"nonsense"
"245",245,0,"a","HBV_A_S","Q","R","1",1,"nonsyn"
"246",246,0,"g","HBV_A_S","Q","Q","0",0,"syn"
"247",247,0,"a","HBV_A_S","S","G","1",0,"nonsyn"
"248",248,0.0114068441064639,"g","HBV_A_S","S","N","0",0,"nonsyn"
"249",249,0,"t","HBV_A_S","S","S","0",0,"syn"
"250",250,0,"c","HBV_A_S","L","L","0",0,"syn"
"251",251,0,"t","HBV_A_S","L","P","1",0,"nonsyn"
"252",252,0,"a","HBV_A_S","L","L","0",0,"syn"
"253",253,0.00380228136882129,"g","HBV_A_S","D","N","1",0,"nonsyn"
"254",254,0,"a","HBV_A_S","D","G","1",0,"nonsyn"
"255",255,0,"c","HBV_A_S","D","D","0",0,"syn"
"256",256,0,"t","HBV_A_S","S","P","1",0,"nonsyn"
"257",257,0.00760456273764259,"c","HBV_A_S","S","L","1",0,"nonsyn"
"258",258,0,"g","HBV_A_S","S","S","0",0,"syn"
"259",259,0,"t","HBV_A_S","W","R","1",1,"nonsyn"
"260",260,0,"g","HBV_A_S","W","*","1",0,"nonsense"
"261",261,0,"g","HBV_A_S","W","*","1",0,"nonsense"
"262",262,0,"t","HBV_A_S","W","R","1",1,"nonsyn"
"263",263,0.00380228136882129,"g","HBV_A_S","W","*","1",0,"nonsense"
"264",264,0,"g","HBV_A_S","W","*","1",0,"nonsense"
"265",265,0,"a","HBV_A_S","T","A","1",0,"nonsyn"
"266",266,0,"c","HBV_A_S","T","I","1",0,"nonsyn"
"267",267,0,"t","HBV_A_S","T","T","0",0,"syn"
"268",268,0,"t","HBV_A_S","S","P","1",0,"nonsyn"
"269",269,0,"c","HBV_A_S","S","F","1",0,"nonsyn"
"270",270,0,"t","HBV_A_S","S","S","0",0,"syn"
"271",271,0,"c","HBV_A_S","L","F","0",0,"nonsyn"
"272",272,0,"t","HBV_A_S","L","P","1",0,"nonsyn"
"273",273,0,"c","HBV_A_S","L","L","0",0,"syn"
"274",274,0,"a","HBV_A_S","N","D","1",1,"nonsyn"
"275",275,0.0228136882129278,"a","HBV_A_S","N","S","0",0,"nonsyn"
"276",276,0,"t","HBV_A_S","N","N","0",0,"syn"
"277",277,0,"t","HBV_A_S","F","L","0",0,"nonsyn"
"278",278,0,"t","HBV_A_S","F","S","1",0,"nonsyn"
"279",279,0,"t","HBV_A_S","F","F","0",0,"syn"
"280",280,0,"c","HBV_A_S","L","L","0",0,"syn"
"281",281,0.00380228136882129,"t","HBV_A_S","L","P","1",0,"nonsyn"
"282",282,0,"a","HBV_A_S","L","L","0",0,"syn"
"283",283,0,"g","HBV_A_S","G","R","1",0,"nonsyn"
"284",284,0,"g","HBV_A_S","G","E","1",0,"nonsyn"
"285",285,0,"g","HBV_A_S","G","G","0",0,"syn"
"286",286,0.00380228136882129,"g","HBV_A_S","G","R","1",0,"nonsyn"
"287",287,0.0456273764258555,"g","HBV_A_S","G","E","1",0,"nonsyn"
"288",288,0.00760456273764259,"a","HBV_A_S","G","G","0",0,"syn"
"289",289,0.026615969581749,"g","HBV_A_S","A","T","1",0,"nonsyn"
"290",290,0.0114068441064639,"c","HBV_A_S","A","V","0",0,"nonsyn"
"291",291,0,"t","HBV_A_S","A","A","0",0,"syn"
"292",292,0,"c","HBV_A_S","P","S","1",0,"nonsyn"
"293",293,0.00380228136882129,"c","HBV_A_S","P","L","1",0,"nonsyn"
"294",294,0,"c","HBV_A_S","P","P","0",0,"syn"
"295",295,0,"g","HBV_A_S","V","M","0",0,"nonsyn"
"296",296,0,"t","HBV_A_S","V","A","0",1,"nonsyn"
"297",297,0.00380228136882129,"g","HBV_A_S","V","V","0",0,"syn"
"298",298,0,"t","HBV_A_S","C","R","1",1,"nonsyn"
"299",299,0.00380228136882129,"g","HBV_A_S","C","Y","1",0,"nonsyn"
"300",300,0.00380228136882129,"t","HBV_A_S","C","C","0",0,"syn"
"301",301,0,"c","HBV_A_S","L","F","0",0,"nonsyn"
"302",302,0.026615969581749,"t","HBV_A_S","L","P","1",0,"nonsyn"
"303",303,0,"t","HBV_A_S","L","L","0",1,"syn"
"304",304,0,"g","HBV_A_S","G","S","1",0,"nonsyn"
"305",305,0,"g","HBV_A_S","G","D","1",0,"nonsyn"
"306",306,0,"c","HBV_A_S","G","G","0",0,"syn"
"307",307,0,"c","HBV_A_S","Q","*","1",0,"nonsense"
"308",308,0.00380228136882129,"a","HBV_A_S","Q","R","1",1,"nonsyn"
"309",309,0,"a","HBV_A_S","Q","Q","0",0,"syn"
"310",310,0,"a","HBV_A_S","N","D","1",0,"nonsyn"
"311",311,0,"a","HBV_A_S","N","S","0",0,"nonsyn"
"312",312,0,"t","HBV_A_S","N","N","0",0,"syn"
"313",313,0,"t","HBV_A_S","S","P","1",0,"nonsyn"
"314",314,0,"c","HBV_A_S","S","L","1",0,"nonsyn"
"315",315,0,"g","HBV_A_S","S","S","0",0,"syn"
"316",316,0,"c","HBV_A_S","Q","*","1",0,"nonsense"
"317",317,0,"a","HBV_A_S","Q","R","1",1,"nonsyn"
"318",318,0,"g","HBV_A_S","Q","Q","0",0,"syn"
"319",319,0,"t","HBV_A_S","S","P","1",0,"nonsyn"
"320",320,0.00380228136882129,"c","HBV_A_S","S","F","1",0,"nonsyn"
"321",321,0,"c","HBV_A_S","S","S","0",0,"syn"
"322",322,0,"c","HBV_A_S","P","S","1",0,"nonsyn"
"323",323,0.00380228136882129,"c","HBV_A_S","P","L","1",0,"nonsyn"
"324",324,0,"a","HBV_A_S","P","P","0",1,"syn"
"325",325,0,"a","HBV_A_S","T","A","1",0,"nonsyn"
"326",326,0.0608365019011407,"c","HBV_A_S","T","I","1",0,"nonsyn"
"327",327,0,"c","HBV_A_S","T","T","0",0,"syn"
"328",328,0,"t","HBV_A_S","S","P","1",0,"nonsyn"
"329",329,0,"c","HBV_A_S","S","F","1",0,"nonsyn"
"330",330,0,"c","HBV_A_S","S","S","0",0,"syn"
"331",331,0,"a","HBV_A_S","N","D","1",1,"nonsyn"
"332",332,0.091254752851711,"a","HBV_A_S","N","S","0",0,"nonsyn"
"333",333,0,"t","HBV_A_S","N","N","0",0,"syn"
"334",334,0,"c","HBV_A_S","H","Y","1",0,"nonsyn"
"335",335,0,"a","HBV_A_S","H","R","0",1,"nonsyn"
"336",336,0,"c","HBV_A_S","H","H","0",0,"syn"
"337",337,0,"t","HBV_A_S","S","P","1",0,"nonsyn"
"338",338,0.00760456273764259,"c","HBV_A_S","S","L","1",0,"nonsyn"
"339",339,0,"a","HBV_A_S","S","S","0",1,"syn"
"340",340,0,"c","HBV_A_S","P","S","1",0,"nonsyn"
"341",341,0.00380228136882129,"c","HBV_A_S","P","L","1",0,"nonsyn"
"342",342,0,"a","HBV_A_S","P","P","0",1,"syn"
"343",343,0,"a","HBV_A_S","T","A","1",0,"nonsyn"
"344",344,0,"c","HBV_A_S","T","I","1",0,"nonsyn"
"345",345,0,"c","HBV_A_S","T","T","0",0,"syn"
"346",346,0,"t","HBV_A_S","S","P","1",0,"nonsyn"
"347",347,0,"c","HBV_A_S","S","F","1",0,"nonsyn"
"348",348,0.452471482889734,"t","HBV_A_S","S","S","0",0,"syn"
"349",349,0,"t","HBV_A_S","C","R","1",1,"nonsyn"
"350",350,0.00380228136882129,"g","HBV_A_S","C","Y","1",0,"nonsyn"
"351",351,0,"t","HBV_A_S","C","C","0",0,"syn"
"352",352,0,"c","HBV_A_S","P","S","1",0,"nonsyn"
"353",353,0,"c","HBV_A_S","P","L","1",0,"nonsyn"
"354",354,0,"t","HBV_A_S","P","P","0",0,"syn"
"355",355,0,"c","HBV_A_S","P","S","1",0,"nonsyn"
"356",356,0,"c","HBV_A_S","P","L","1",0,"nonsyn"
"357",357,0.0114068441064639,"a","HBV_A_S","P","P","0",1,"syn"
"358",358,0,"a","HBV_A_S","I","V","0",0,"nonsyn"
"359",359,0.0418250950570342,"t","HBV_A_S","I","T","1",0,"nonsyn"
"360",360,0.00380228136882129,"t","HBV_A_S","I","I","0",0,"syn"
"361",361,0,"t","HBV_A_S","C","R","1",1,"nonsyn"
"362",362,0,"g","HBV_A_S","C","Y","1",0,"nonsyn"
"363",363,0,"t","HBV_A_S","C","C","0",0,"syn"
"364",364,0,"c","HBV_A_S","P","S","1",0,"nonsyn"
"365",365,0,"c","HBV_A_S","P","L","1",0,"nonsyn"
"366",366,0,"t","HBV_A_S","P","P","0",1,"syn"
"367",367,0,"g","HBV_A_S","G","S","1",0,"nonsyn"
"368",368,0,"g","HBV_A_S","G","D","1",0,"nonsyn"
"369",369,0.467680608365019,"c","HBV_A_S","G","G","0",0,"syn"
"370",370,0,"t","HBV_A_S","Y","H","1",0,"nonsyn"
"371",371,0,"a","HBV_A_S","Y","C","1",0,"nonsyn"
"372",372,0,"t","HBV_A_S","Y","Y","0",0,"syn"
"373",373,0,"c","HBV_A_S","R","C","1",0,"nonsyn"
"374",374,0,"g","HBV_A_S","R","H","0",0,"nonsyn"
"375",375,0.0456273764258555,"c","HBV_A_S","R","R","0",0,"syn"
"376",376,0,"t","HBV_A_S","W","R","1",1,"nonsyn"
"377",377,0.00380228136882129,"g","HBV_A_S","W","*","1",0,"nonsense"
"378",378,0,"g","HBV_A_S","W","*","1",0,"nonsense"
"379",379,0,"a","HBV_A_S","M","V","0",0,"nonsyn"
"380",380,0,"t","HBV_A_S","M","T","1",1,"nonsyn"
"381",381,0,"g","HBV_A_S","M","I","0",0,"nonsyn"
"382",382,0,"t","HBV_A_S","C","R","1",1,"nonsyn"
"383",383,0.0114068441064639,"g","HBV_A_S","C","Y","1",0,"nonsyn"
"384",384,0.00380228136882129,"t","HBV_A_S","C","C","0",0,"syn"
"385",385,0,"c","HBV_A_S","L","L","0",0,"syn"
"386",386,0,"t","HBV_A_S","L","P","1",1,"nonsyn"
"387",387,0,"g","HBV_A_S","L","L","0",0,"syn"
"388",388,0,"c","HBV_A_S","R","W","1",0,"nonsyn"
"389",389,0.00380228136882129,"g","HBV_A_S","R","Q","1",0,"nonsyn"
"390",390,0,"g","HBV_A_S","R","R","0",0,"syn"
"391",391,0,"c","HBV_A_S","R","C","1",0,"nonsyn"
"392",392,0,"g","HBV_A_S","R","H","0",0,"nonsyn"
"393",393,0,"t","HBV_A_S","R","R","0",0,"syn"
"394",394,0,"t","HBV_A_S","F","L","0",0,"nonsyn"
"395",395,0,"t","HBV_A_S","F","S","1",0,"nonsyn"
"396",396,0,"t","HBV_A_S","F","F","0",0,"syn"
"397",397,0,"a","HBV_A_S","I","V","0",0,"nonsyn"
"398",398,0,"t","HBV_A_S","I","T","1",0,"nonsyn"
"399",399,0,"c","HBV_A_S","I","I","0",0,"syn"
"400",400,0,"a","HBV_A_S","I","V","0",1,"nonsyn"
"401",401,0.00380228136882129,"t","HBV_A_S","I","T","1",0,"nonsyn"
"402",402,0,"a","HBV_A_S","I","M","0",0,"nonsyn"
"403",403,0,"t","HBV_A_S","F","L","0",0,"nonsyn"
"404",404,0.00380228136882129,"t","HBV_A_S","F","S","1",0,"nonsyn"
"405",405,0,"c","HBV_A_S","F","F","0",0,"syn"
"406",406,0,"c","HBV_A_S","L","F","0",0,"nonsyn"
"407",407,0,"t","HBV_A_S","L","P","1",0,"nonsyn"
"408",408,0,"c","HBV_A_S","L","L","0",0,"syn"
"409",409,0.00380228136882129,"t","HBV_A_S","F","L","0",0,"nonsyn"
"410",410,0,"t","HBV_A_S","F","S","1",0,"nonsyn"
"411",411,0,"c","HBV_A_S","F","F","0",0,"syn"
"412",412,0,"a","HBV_A_S","I","V","0",1,"nonsyn"
"413",413,0.00380228136882129,"t","HBV_A_S","I","T","1",0,"nonsyn"
"414",414,0,"c","HBV_A_S","I","I","0",0,"syn"
"415",415,0,"c","HBV_A_S","L","L","0",0,"syn"
"416",416,0,"t","HBV_A_S","L","P","1",1,"nonsyn"
"417",417,0,"g","HBV_A_S","L","L","0",0,"syn"
"418",418,0,"c","HBV_A_S","L","L","0",0,"syn"
"419",419,0.00380228136882129,"t","HBV_A_S","L","P","1",1,"nonsyn"
"420",420,0,"g","HBV_A_S","L","L","0",0,"syn"
"421",421,0,"c","HBV_A_S","L","L","0",0,"syn"
"422",422,0,"t","HBV_A_S","L","P","1",0,"nonsyn"
"423",423,0,"a","HBV_A_S","L","L","0",0,"syn"
"424",424,0,"t","HBV_A_S","C","R","1",1,"nonsyn"
"425",425,0,"g","HBV_A_S","C","Y","1",0,"nonsyn"
"426",426,0,"c","HBV_A_S","C","C","0",0,"syn"
"427",427,0,"c","HBV_A_S","L","F","0",0,"nonsyn"
"428",428,0,"t","HBV_A_S","L","P","1",0,"nonsyn"
"429",429,0,"c","HBV_A_S","L","L","0",0,"syn"
"430",430,0,"a","HBV_A_S","I","V","0",1,"nonsyn"
"431",431,0,"t","HBV_A_S","I","T","1",0,"nonsyn"
"432",432,0,"c","HBV_A_S","I","I","0",0,"syn"
"433",433,0,"t","HBV_A_S","F","L","0",0,"nonsyn"
"434",434,0,"t","HBV_A_S","F","S","1",0,"nonsyn"
"435",435,0,"c","HBV_A_S","F","F","0",0,"syn"
"436",436,0,"t","HBV_A_S","L","L","0",0,"syn"
"437",437,0,"t","HBV_A_S","L","S","1",1,"nonsyn"
"438",438,0.406844106463878,"g","HBV_A_S","L","L","0",0,"syn"
"439",439,0,"t","HBV_A_S","L","L","0",0,"syn"
"440",440,0,"t","HBV_A_S","L","S","1",1,"nonsyn"
"441",441,0,"g","HBV_A_S","L","L","0",0,"syn"
"442",442,0,"g","HBV_A_S","V","I","0",0,"nonsyn"
"443",443,0.00760456273764259,"t","HBV_A_S","V","A","0",0,"nonsyn"
"444",444,0,"t","HBV_A_S","V","V","0",0,"syn"
"445",445,0,"c","HBV_A_S","L","F","0",0,"nonsyn"
"446",446,0,"t","HBV_A_S","L","P","1",0,"nonsyn"
"447",447,0,"t","HBV_A_S","L","L","0",0,"syn"
"448",448,0,"c","HBV_A_S","L","L","0",0,"syn"
"449",449,0,"t","HBV_A_S","L","P","1",1,"nonsyn"
"450",450,0,"g","HBV_A_S","L","L","0",0,"syn"
"451",451,0,"g","HBV_A_S","D","N","1",0,"nonsyn"
"452",452,0,"a","HBV_A_S","D","G","1",0,"nonsyn"
"453",453,0.425855513307985,"c","HBV_A_S","D","D","0",0,"syn"
"454",454,0,"t","HBV_A_S","Y","H","1",0,"nonsyn"
"455",455,0.163498098859316,"a","HBV_A_S","Y","C","1",0,"nonsyn"
"456",456,0.0418250950570342,"t","HBV_A_S","Y","Y","0",0,"syn"
"457",457,0,"c","HBV_A_S","Q","*","1",0,"nonsense"
"458",458,0.0114068441064639,"a","HBV_A_S","Q","R","1",1,"nonsyn"
"459",459,0.0304182509505703,"a","HBV_A_S","Q","Q","0",0,"syn"
"460",460,0,"g","HBV_A_S","G","S","1",0,"nonsyn"
"461",461,0,"g","HBV_A_S","G","D","1",0,"nonsyn"
"462",462,0,"t","HBV_A_S","G","G","0",0,"syn"
"463",463,0,"a","HBV_A_S","M","V","0",0,"nonsyn"
"464",464,0,"t","HBV_A_S","M","T","1",1,"nonsyn"
"465",465,0.00760456273764259,"g","HBV_A_S","M","I","0",0,"nonsyn"
"466",466,0,"t","HBV_A_S","L","L","0",0,"syn"
"467",467,0,"t","HBV_A_S","L","S","1",1,"nonsyn"
"468",468,0.00760456273764259,"g","HBV_A_S","L","L","0",0,"syn"
"469",469,0,"c","HBV_A_S","P","S","1",0,"nonsyn"
"470",470,0,"c","HBV_A_S","P","L","1",0,"nonsyn"
"471",471,0,"c","HBV_A_S","P","P","0",0,"syn"
"472",472,0,"g","HBV_A_S","V","I","0",0,"nonsyn"
"473",473,0,"t","HBV_A_S","V","A","0",0,"nonsyn"
"474",474,0.0190114068441065,"t","HBV_A_S","V","V","0",0,"syn"
"475",475,0,"t","HBV_A_S","C","R","1",1,"nonsyn"
"476",476,0,"g","HBV_A_S","C","Y","1",0,"nonsyn"
"477",477,0,"t","HBV_A_S","C","C","0",0,"syn"
"478",478,0,"c","HBV_A_S","P","S","1",0,"nonsyn"
"479",479,0.00380228136882129,"c","HBV_A_S","P","L","1",0,"nonsyn"
"480",480,0,"t","HBV_A_S","P","P","0",0,"syn"
"481",481,0,"c","HBV_A_S","L","L","0",0,"syn"
"482",482,0.0114068441064639,"t","HBV_A_S","L","P","1",0,"nonsyn"
"483",483,0,"a","HBV_A_S","L","L","0",0,"syn"
"484",484,0,"a","HBV_A_S","I","V","0",0,"nonsyn"
"485",485,0.00380228136882129,"t","HBV_A_S","I","T","1",0,"nonsyn"
"486",486,0.00380228136882129,"t","HBV_A_S","I","I","0",0,"syn"
"487",487,0,"c","HBV_A_S","P","S","1",0,"nonsyn"
"488",488,0,"c","HBV_A_S","P","L","1",0,"nonsyn"
"489",489,0,"a","HBV_A_S","P","P","0",1,"syn"
"490",490,0.00380228136882129,"g","HBV_A_S","G","R","1",0,"nonsyn"
"491",491,0,"g","HBV_A_S","G","E","1",0,"nonsyn"
"492",492,0,"a","HBV_A_S","G","G","0",0,"syn"
"493",493,0,"t","HBV_A_S","S","P","1",0,"nonsyn"
"494",494,0,"c","HBV_A_S","S","L","1",0,"nonsyn"
"495",495,0,"a","HBV_A_S","S","S","0",1,"syn"
"496",496,0,"t","HBV_A_S","S","P","1",0,"nonsyn"
"497",497,0,"c","HBV_A_S","S","L","1",0,"nonsyn"
"498",498,0.00380228136882129,"a","HBV_A_S","S","S","0",1,"syn"
"499",499,0,"a","HBV_A_S","T","A","1",0,"nonsyn"
"500",500,0,"c","HBV_A_S","T","I","1",0,"nonsyn"
"501",501,0.0114068441064639,"c","HBV_A_S","T","T","0",0,"syn"
"502",502,0,"a","HBV_A_S","T","A","1",1,"nonsyn"
"503",503,0,"c","HBV_A_S","T","I","1",0,"nonsyn"
"504",504,0,"c","HBV_A_S","T","T","0",0,"syn"
"505",505,0,"a","HBV_A_S","S","G","1",1,"nonsyn"
"506",506,0,"g","HBV_A_S","S","N","0",0,"nonsyn"
"507",507,0.171102661596958,"t","HBV_A_S","S","S","0",0,"syn"
"508",508,0.00760456273764259,"a","HBV_A_S","T","A","1",0,"nonsyn"
"509",509,0.0152091254752852,"c","HBV_A_S","T","M","1",0,"nonsyn"
"510",510,0.00380228136882129,"g","HBV_A_S","T","T","0",0,"syn"
"511",511,0.00380228136882129,"g","HBV_A_S","G","R","1",0,"nonsyn"
"512",512,0,"g","HBV_A_S","G","E","1",0,"nonsyn"
"513",513,0,"a","HBV_A_S","G","G","0",0,"syn"
"514",514,0,"c","HBV_A_S","P","S","1",0,"nonsyn"
"515",515,0,"c","HBV_A_S","P","L","1",0,"nonsyn"
"516",516,0,"c","HBV_A_S","P","P","0",0,"syn"
"517",517,0,"t","HBV_A_S","C","R","1",1,"nonsyn"
"518",518,0,"g","HBV_A_S","C","Y","1",0,"nonsyn"
"519",519,0.00380228136882129,"c","HBV_A_S","C","C","0",0,"syn"
"520",520,0,"c","HBV_A_S","R","*","1",0,"nonsense"
"521",521,0.277566539923954,"g","HBV_A_S","R","Q","1",0,"nonsyn"
"522",522,0.0190114068441065,"a","HBV_A_S","R","R","0",0,"syn"
"523",523,0,"a","HBV_A_S","T","A","1",0,"nonsyn"
"524",524,0,"c","HBV_A_S","T","I","1",0,"nonsyn"
"525",525,0.00380228136882129,"c","HBV_A_S","T","T","0",0,"syn"
"526",526,0,"t","HBV_A_S","C","R","1",1,"nonsyn"
"527",527,0,"g","HBV_A_S","C","Y","1",0,"nonsyn"
"528",528,0,"c","HBV_A_S","C","C","0",0,"syn"
"529",529,0,"a","HBV_A_S","T","A","1",1,"nonsyn"
"530",530,0.00380228136882129,"c","HBV_A_S","T","M","1",0,"nonsyn"
"531",531,0,"g","HBV_A_S","T","T","0",0,"syn"
"532",532,0,"a","HBV_A_S","T","A","1",0,"nonsyn"
"533",533,0.00380228136882129,"c","HBV_A_S","T","I","1",0,"nonsyn"
"534",534,0,"t","HBV_A_S","T","T","0",0,"syn"
"535",535,0,"c","HBV_A_S","L","F","0",0,"nonsyn"
"536",536,0.475285171102662,"t","HBV_A_S","L","P","1",0,"nonsyn"
"537",537,0,"t","HBV_A_S","L","L","0",1,"syn"
"538",538,0,"g","HBV_A_S","A","T","1",0,"nonsyn"
"539",539,0.0152091254752852,"c","HBV_A_S","A","V","0",0,"nonsyn"
"540",540,0,"t","HBV_A_S","A","A","0",0,"syn"
"541",541,0,"c","HBV_A_S","Q","*","1",0,"nonsense"
"542",542,0.00380228136882129,"a","HBV_A_S","Q","R","1",1,"nonsyn"
"543",543,0,"a","HBV_A_S","Q","Q","0",0,"syn"
"544",544,0.00380228136882129,"g","HBV_A_S","G","R","1",0,"nonsyn"
"545",545,0.00380228136882129,"g","HBV_A_S","G","E","1",0,"nonsyn"
"546",546,0.00760456273764259,"a","HBV_A_S","G","G","0",0,"syn"
"547",547,0,"a","HBV_A_S","T","A","1",0,"nonsyn"
"548",548,0,"c","HBV_A_S","T","I","1",0,"nonsyn"
"549",549,0,"c","HBV_A_S","T","T","0",0,"syn"
"550",550,0,"t","HBV_A_S","S","P","1",0,"nonsyn"
"551",551,0.00380228136882129,"c","HBV_A_S","S","F","1",0,"nonsyn"
"552",552,0.00380228136882129,"t","HBV_A_S","S","S","0",0,"syn"
"553",553,0,"a","HBV_A_S","M","V","0",0,"nonsyn"
"554",554,0,"t","HBV_A_S","M","T","1",1,"nonsyn"
"555",555,0,"g","HBV_A_S","M","I","0",0,"nonsyn"
"556",556,0.00380228136882129,"t","HBV_A_S","F","L","0",0,"nonsyn"
"557",557,0,"t","HBV_A_S","F","S","1",0,"nonsyn"
"558",558,0.00380228136882129,"t","HBV_A_S","F","F","0",0,"syn"
"559",559,0,"c","HBV_A_S","P","S","1",0,"nonsyn"
"560",560,0,"c","HBV_A_S","P","L","1",0,"nonsyn"
"561",561,0,"c","HBV_A_S","P","P","0",0,"syn"
"562",562,0,"t","HBV_A_S","S","P","1",0,"nonsyn"
"563",563,0,"c","HBV_A_S","S","L","1",0,"nonsyn"
"564",564,0,"a","HBV_A_S","S","S","0",1,"syn"
"565",565,0,"t","HBV_A_S","C","R","1",1,"nonsyn"
"566",566,0,"g","HBV_A_S","C","Y","1",0,"nonsyn"
"567",567,0,"t","HBV_A_S","C","C","0",0,"syn"
"568",568,0,"t","HBV_A_S","C","R","1",1,"nonsyn"
"569",569,0,"g","HBV_A_S","C","Y","1",0,"nonsyn"
"570",570,0.110266159695817,"c","HBV_A_S","C","C","0",0,"syn"
"571",571,0,"t","HBV_A_S","C","R","1",1,"nonsyn"
"572",572,0,"g","HBV_A_S","C","Y","1",0,"nonsyn"
"573",573,0,"t","HBV_A_S","C","C","0",0,"syn"
"574",574,0,"t","HBV_A_S","S","P","1",0,"nonsyn"
"575",575,0.00760456273764259,"c","HBV_A_S","S","L","1",0,"nonsyn"
"576",576,0,"a","HBV_A_S","S","S","0",1,"syn"
"577",577,0,"a","HBV_A_S","K","E","1",0,"nonsyn"
"578",578,0,"a","HBV_A_S","K","R","0",0,"nonsyn"
"579",579,0,"a","HBV_A_S","K","K","0",0,"syn"
"580",580,0,"c","HBV_A_S","P","S","1",0,"nonsyn"
"581",581,0,"c","HBV_A_S","P","L","1",0,"nonsyn"
"582",582,0,"t","HBV_A_S","P","P","0",0,"syn"
"583",583,0,"t","HBV_A_S","S","P","1",0,"nonsyn"
"584",584,0.00380228136882129,"c","HBV_A_S","S","L","1",0,"nonsyn"
"585",585,0,"g","HBV_A_S","S","S","0",0,"syn"
"586",586,0,"g","HBV_A_S","D","N","1",0,"nonsyn"
"587",587,0,"a","HBV_A_S","D","G","1",0,"nonsyn"
"588",588,0.239543726235741,"c","HBV_A_S","D","D","0",0,"syn"
"589",589,0,"g","HBV_A_S","G","R","1",0,"nonsyn"
"590",590,0,"g","HBV_A_S","G","E","1",0,"nonsyn"
"591",591,0,"a","HBV_A_S","G","G","0",0,"syn"
"592",592,0,"a","HBV_A_S","N","D","1",0,"nonsyn"
"593",593,0,"a","HBV_A_S","N","S","0",0,"nonsyn"
"594",594,0.0152091254752852,"t","HBV_A_S","N","N","0",0,"syn"
"595",595,0,"t","HBV_A_S","C","R","1",1,"nonsyn"
"596",596,0.00380228136882129,"g","HBV_A_S","C","Y","1",0,"nonsyn"
"597",597,0,"c","HBV_A_S","C","C","0",0,"syn"
"598",598,0,"a","HBV_A_S","T","A","1",1,"nonsyn"
"599",599,0,"c","HBV_A_S","T","I","1",0,"nonsyn"
"600",600,0.448669201520913,"t","HBV_A_S","T","T","0",0,"syn"
"601",601,0,"t","HBV_A_S","C","R","1",1,"nonsyn"
"602",602,0,"g","HBV_A_S","C","Y","1",0,"nonsyn"
"603",603,0,"t","HBV_A_S","C","C","0",0,"syn"
"604",604,0,"a","HBV_A_S","I","V","0",0,"nonsyn"
"605",605,0,"t","HBV_A_S","I","T","1",0,"nonsyn"
"606",606,0,"t","HBV_A_S","I","I","0",0,"syn"
"607",607,0,"c","HBV_A_S","P","S","1",0,"nonsyn"
"608",608,0,"c","HBV_A_S","P","L","1",0,"nonsyn"
"609",609,0,"c","HBV_A_S","P","P","0",0,"syn"
"610",610,0,"a","HBV_A_S","I","V","0",1,"nonsyn"
"611",611,0,"t","HBV_A_S","I","T","1",0,"nonsyn"
"612",612,0,"c","HBV_A_S","I","I","0",0,"syn"
"613",613,0,"c","HBV_A_S","P","S","1",0,"nonsyn"
"614",614,0,"c","HBV_A_S","P","L","1",0,"nonsyn"
"615",615,0.00760456273764259,"a","HBV_A_S","P","P","0",1,"syn"
"616",616,0,"t","HBV_A_S","S","P","1",0,"nonsyn"
"617",617,0.00380228136882129,"c","HBV_A_S","S","L","1",0,"nonsyn"
"618",618,0.0874524714828897,"a","HBV_A_S","S","S","0",1,"syn"
"619",619,0,"t","HBV_A_S","S","P","1",0,"nonsyn"
"620",620,0,"c","HBV_A_S","S","L","1",0,"nonsyn"
"621",621,0,"a","HBV_A_S","S","S","0",1,"syn"
"622",622,0,"t","HBV_A_S","W","R","1",1,"nonsyn"
"623",623,0,"g","HBV_A_S","W","*","1",0,"nonsense"
"624",624,0,"g","HBV_A_S","W","*","1",0,"nonsense"
"625",625,0,"g","HBV_A_S","A","T","1",0,"nonsyn"
"626",626,0,"c","HBV_A_S","A","V","0",0,"nonsyn"
"627",627,0,"t","HBV_A_S","A","A","0",0,"syn"
"628",628,0,"t","HBV_A_S","F","L","0",0,"nonsyn"
"629",629,0,"t","HBV_A_S","F","S","1",0,"nonsyn"
"630",630,0,"c","HBV_A_S","F","F","0",0,"syn"
"631",631,0,"g","HBV_A_S","G","R","1",0,"nonsyn"
"632",632,0,"g","HBV_A_S","G","E","1",0,"nonsyn"
"633",633,0,"a","HBV_A_S","G","G","0",0,"syn"
"634",634,0,"a","HBV_A_S","K","E","1",0,"nonsyn"
"635",635,0,"a","HBV_A_S","K","R","0",0,"nonsyn"
"636",636,0,"a","HBV_A_S","K","K","0",0,"syn"
"637",637,0,"t","HBV_A_S","F","L","0",0,"nonsyn"
"638",638,0,"t","HBV_A_S","F","S","1",0,"nonsyn"
"639",639,0,"c","HBV_A_S","F","F","0",0,"syn"
"640",640,0,"c","HBV_A_S","L","L","0",0,"syn"
"641",641,0,"t","HBV_A_S","L","P","1",0,"nonsyn"
"642",642,0,"a","HBV_A_S","L","L","0",0,"syn"
"643",643,0,"t","HBV_A_S","W","R","1",1,"nonsyn"
"644",644,0,"g","HBV_A_S","W","*","1",0,"nonsense"
"645",645,0,"g","HBV_A_S","W","*","1",0,"nonsense"
"646",646,0,"g","HBV_A_S","E","K","1",0,"nonsyn"
"647",647,0.0114068441064639,"a","HBV_A_S","E","G","1",0,"nonsyn"
"648",648,0,"g","HBV_A_S","E","E","0",0,"syn"
"649",649,0,"t","HBV_A_S","W","R","1",1,"nonsyn"
"650",650,0,"g","HBV_A_S","W","*","1",0,"nonsense"
"651",651,0,"g","HBV_A_S","W","*","1",0,"nonsense"
"652",652,0,"g","HBV_A_S","A","T","1",0,"nonsyn"
"653",653,0,"c","HBV_A_S","A","V","0",0,"nonsyn"
"654",654,0,"c","HBV_A_S","A","A","0",0,"syn"
"655",655,0,"t","HBV_A_S","S","P","1",0,"nonsyn"
"656",656,0,"c","HBV_A_S","S","L","1",0,"nonsyn"
"657",657,0,"a","HBV_A_S","S","S","0",1,"syn"
"658",658,0,"g","HBV_A_S","A","T","1",0,"nonsyn"
"659",659,0.429657794676806,"c","HBV_A_S","A","V","0",0,"nonsyn"
"660",660,0,"c","HBV_A_S","A","A","0",0,"syn"
"661",661,0,"c","HBV_A_S","R","C","1",0,"nonsyn"
"662",662,0,"g","HBV_A_S","R","H","0",0,"nonsyn"
"663",663,0,"t","HBV_A_S","R","R","0",0,"syn"
"664",664,0,"t","HBV_A_S","F","L","0",0,"nonsyn"
"665",665,0,"t","HBV_A_S","F","S","1",0,"nonsyn"
"666",666,0.00380228136882129,"c","HBV_A_S","F","F","0",0,"syn"
"667",667,0,"t","HBV_A_S","S","P","1",0,"nonsyn"
"668",668,0,"c","HBV_A_S","S","F","1",0,"nonsyn"
"669",669,0.262357414448669,"c","HBV_A_S","S","S","0",0,"syn"
"670",670,0,"t","HBV_A_S","W","R","1",1,"nonsyn"
"671",671,0.00760456273764259,"g","HBV_A_S","W","*","1",0,"nonsense"
"672",672,0.00380228136882129,"g","HBV_A_S","W","*","1",0,"nonsense"
"673",673,0,"c","HBV_A_S","L","F","0",0,"nonsyn"
"674",674,0,"t","HBV_A_S","L","P","1",0,"nonsyn"
"675",675,0,"c","HBV_A_S","L","L","0",0,"syn"
"676",676,0,"a","HBV_A_S","S","G","1",1,"nonsyn"
"677",677,0.00380228136882129,"g","HBV_A_S","S","N","0",0,"nonsyn"
"678",678,0,"t","HBV_A_S","S","S","0",0,"syn"
"679",679,0,"t","HBV_A_S","L","L","0",0,"syn"
"680",680,0.0152091254752852,"t","HBV_A_S","L","S","1",0,"nonsyn"
"681",681,0,"a","HBV_A_S","L","L","0",0,"syn"
"682",682,0,"c","HBV_A_S","L","L","0",0,"syn"
"683",683,0,"t","HBV_A_S","L","P","1",0,"nonsyn"
"684",684,0,"a","HBV_A_S","L","L","0",0,"syn"
"685",685,0,"g","HBV_A_S","V","M","0",0,"nonsyn"
"686",686,0.0114068441064639,"t","HBV_A_S","V","A","0",1,"nonsyn"
"687",687,0,"g","HBV_A_S","V","V","0",0,"syn"
"688",688,0,"c","HBV_A_S","P","S","1",0,"nonsyn"
"689",689,0,"c","HBV_A_S","P","L","1",0,"nonsyn"
"690",690,0,"a","HBV_A_S","P","P","0",1,"syn"
"691",691,0,"t","HBV_A_S","F","L","0",0,"nonsyn"
"692",692,0.00380228136882129,"t","HBV_A_S","F","S","1",0,"nonsyn"
"693",693,0,"t","HBV_A_S","F","F","0",1,"syn"
"694",694,0,"g","HBV_A_S","V","I","0",0,"nonsyn"
"695",695,0.00380228136882129,"t","HBV_A_S","V","A","0",0,"nonsyn"
"696",696,0,"t","HBV_A_S","V","V","0",0,"syn"
"697",697,0,"c","HBV_A_S","Q","*","1",0,"nonsense"
"698",698,0.00380228136882129,"a","HBV_A_S","Q","R","1",1,"nonsyn"
"699",699,0,"g","HBV_A_S","Q","Q","0",0,"syn"
"700",700,0,"t","HBV_A_S","W","R","1",1,"nonsyn"
"701",701,0,"g","HBV_A_S","W","*","1",0,"nonsense"
"702",702,0.00380228136882129,"g","HBV_A_S","W","*","1",0,"nonsense"
"703",703,0,"t","HBV_A_S","F","L","0",0,"nonsyn"
"704",704,0.00380228136882129,"t","HBV_A_S","F","S","1",0,"nonsyn"
"705",705,0,"c","HBV_A_S","F","F","0",0,"syn"
"706",706,0,"g","HBV_A_S","V","I","0",0,"nonsyn"
"707",707,0.482889733840304,"t","HBV_A_S","V","A","0",0,"nonsyn"
"708",708,0,"c","HBV_A_S","V","V","0",0,"syn"
"709",709,0,"g","HBV_A_S","G","R","1",0,"nonsyn"
"710",710,0,"g","HBV_A_S","G","E","1",0,"nonsyn"
"711",711,0.00760456273764259,"g","HBV_A_S","G","G","0",0,"syn"
"712",712,0,"c","HBV_A_S","L","F","0",0,"nonsyn"
"713",713,0,"t","HBV_A_S","L","P","1",0,"nonsyn"
"714",714,0,"t","HBV_A_S","L","L","0",0,"syn"
"715",715,0,"t","HBV_A_S","S","P","1",0,"nonsyn"
"716",716,0,"c","HBV_A_S","S","F","1",0,"nonsyn"
"717",717,0,"c","HBV_A_S","S","S","0",0,"syn"
"718",718,0,"c","HBV_A_S","P","S","1",0,"nonsyn"
"719",719,0,"c","HBV_A_S","P","L","1",0,"nonsyn"
"720",720,0,"c","HBV_A_S","P","P","0",0,"syn"
"721",721,0,"a","HBV_A_S","T","A","1",1,"nonsyn"
"722",722,0.0494296577946768,"c","HBV_A_S","T","I","1",0,"nonsyn"
"723",723,0.00380228136882129,"t","HBV_A_S","T","T","0",1,"syn"
"724",724,0,"g","HBV_A_S","V","I","0",0,"nonsyn"
"725",725,0,"t","HBV_A_S","V","A","0",0,"nonsyn"
"726",726,0.460076045627376,"c","HBV_A_S","V","V","0",0,"syn"
"727",727,0,"t","HBV_A_S","W","R","1",1,"nonsyn"
"728",728,0,"g","HBV_A_S","W","*","1",0,"nonsense"
"729",729,0,"g","HBV_A_S","W","*","1",0,"nonsense"
"730",730,0,"c","HBV_A_S","L","F","0",0,"nonsyn"
"731",731,0.00380228136882129,"t","HBV_A_S","L","P","1",0,"nonsyn"
"732",732,0,"t","HBV_A_S","L","L","0",0,"syn"
"733",733,0,"t","HBV_A_S","S","P","1",0,"nonsyn"
"734",734,0.026615969581749,"c","HBV_A_S","S","L","1",0,"nonsyn"
"735",735,0,"a","HBV_A_S","S","S","0",1,"syn"
"736",736,0,"g","HBV_A_S","V","I","0",0,"nonsyn"
"737",737,0.254752851711027,"t","HBV_A_S","V","A","0",0,"nonsyn"
"738",738,0,"t","HBV_A_S","V","V","0",0,"syn"
"739",739,0,"a","HBV_A_S","I","V","0",0,"nonsyn"
"740",740,0,"t","HBV_A_S","I","T","1",0,"nonsyn"
"741",741,0.00760456273764259,"a","HBV_A_S","I","M","0",0,"nonsyn"
"742",742,0,"t","HBV_A_S","W","R","1",1,"nonsyn"
"743",743,0,"g","HBV_A_S","W","*","1",0,"nonsense"
"744",744,0,"g","HBV_A_S","W","*","1",0,"nonsense"
"745",745,0,"a","HBV_A_S","M","V","0",0,"nonsyn"
"746",746,0,"t","HBV_A_S","M","T","1",1,"nonsyn"
"747",747,0,"g","HBV_A_S","M","I","0",0,"nonsyn"
"748",748,0,"a","HBV_A_S","M","V","0",0,"nonsyn"
"749",749,0,"t","HBV_A_S","M","T","1",1,"nonsyn"
"750",750,0.00380228136882129,"g","HBV_A_S","M","I","0",0,"nonsyn"
"751",751,0,"t","HBV_A_S","W","R","1",1,"nonsyn"
"752",752,0.00380228136882129,"g","HBV_A_S","W","*","1",0,"nonsense"
"753",753,0,"g","HBV_A_S","W","*","1",0,"nonsense"
"754",754,0,"t","HBV_A_S","Y","H","1",0,"nonsyn"
"755",755,0,"a","HBV_A_S","Y","C","1",0,"nonsyn"
"756",756,0.129277566539924,"t","HBV_A_S","Y","Y","0",0,"syn"
"757",757,0,"t","HBV_A_S","W","R","1",1,"nonsyn"
"758",758,0,"g","HBV_A_S","W","*","1",0,"nonsense"
"759",759,0,"g","HBV_A_S","W","*","1",0,"nonsense"
"760",760,0,"g","HBV_A_S","G","R","1",0,"nonsyn"
"761",761,0,"g","HBV_A_S","G","E","1",0,"nonsyn"
"762",762,0,"g","HBV_A_S","G","G","0",0,"syn"
"763",763,0,"c","HBV_A_S","P","S","1",0,"nonsyn"
"764",764,0,"c","HBV_A_S","P","L","1",0,"nonsyn"
"765",765,0,"a","HBV_A_S","P","P","0",1,"syn"
"766",766,0,"a","HBV_A_S","S","G","1",0,"nonsyn"
"767",767,0.0608365019011407,"g","HBV_A_S","S","N","0",0,"nonsyn"
"768",768,0,"t","HBV_A_S","S","S","0",0,"syn"
"769",769,0,"c","HBV_A_S","L","L","0",0,"syn"
"770",770,0,"t","HBV_A_S","L","P","1",1,"nonsyn"
"771",771,0,"g","HBV_A_S","L","L","0",0,"syn"
"772",772,0.00380228136882129,"t","HBV_A_S","Y","H","1",0,"nonsyn"
"773",773,0,"a","HBV_A_S","Y","C","1",0,"nonsyn"
"774",774,0,"c","HBV_A_S","Y","Y","0",0,"syn"
"775",775,0,"a","HBV_A_S","N","D","1",1,"nonsyn"
"776",776,0.186311787072243,"a","HBV_A_S","N","S","0",0,"nonsyn"
"777",777,0,"c","HBV_A_S","N","N","0",0,"syn"
"778",778,0,"a","HBV_A_S","I","V","0",1,"nonsyn"
"779",779,0.0342205323193916,"t","HBV_A_S","I","T","1",0,"nonsyn"
"780",780,0,"c","HBV_A_S","I","I","0",0,"syn"
"781",781,0,"t","HBV_A_S","L","L","0",0,"syn"
"782",782,0,"t","HBV_A_S","L","S","1",1,"nonsyn"
"783",783,0,"g","HBV_A_S","L","L","0",0,"syn"
"784",784,0,"a","HBV_A_S","S","G","1",0,"nonsyn"
"785",785,0.0114068441064639,"g","HBV_A_S","S","N","0",0,"nonsyn"
"786",786,0,"t","HBV_A_S","S","S","0",0,"syn"
"787",787,0,"c","HBV_A_S","P","S","1",0,"nonsyn"
"788",788,0,"c","HBV_A_S","P","L","1",0,"nonsyn"
"789",789,0,"c","HBV_A_S","P","P","0",0,"syn"
"790",790,0,"t","HBV_A_S","F","L","0",0,"nonsyn"
"791",791,0,"t","HBV_A_S","F","S","1",0,"nonsyn"
"792",792,0,"t","HBV_A_S","F","F","0",0,"syn"
"793",793,0,"a","HBV_A_S","I","V","0",0,"nonsyn"
"794",794,0,"t","HBV_A_S","I","T","1",0,"nonsyn"
"795",795,0,"a","HBV_A_S","I","M","0",0,"nonsyn"
"796",796,0,"c","HBV_A_S","P","S","1",0,"nonsyn"
"797",797,0.00760456273764259,"c","HBV_A_S","P","L","1",0,"nonsyn"
"798",798,0,"t","HBV_A_S","P","P","0",0,"syn"
"799",799,0,"c","HBV_A_S","L","L","0",0,"syn"
"800",800,0,"t","HBV_A_S","L","P","1",1,"nonsyn"
"801",801,0,"g","HBV_A_S","L","L","0",0,"syn"
"802",802,0,"t","HBV_A_S","L","L","0",0,"syn"
"803",803,0,"t","HBV_A_S","L","S","1",0,"nonsyn"
"804",804,0,"a","HBV_A_S","L","L","0",0,"syn"
"805",805,0,"c","HBV_A_S","P","S","1",0,"nonsyn"
"806",806,0.0228136882129278,"c","HBV_A_S","P","L","1",0,"nonsyn"
"807",807,0,"a","HBV_A_S","P","P","0",1,"syn"
"808",808,0,"a","HBV_A_S","I","V","0",0,"nonsyn"
"809",809,0,"t","HBV_A_S","I","T","1",0,"nonsyn"
"810",810,0,"t","HBV_A_S","I","I","0",0,"syn"
"811",811,0,"t","HBV_A_S","F","L","0",0,"nonsyn"
"812",812,0,"t","HBV_A_S","F","S","1",0,"nonsyn"
"813",813,0,"c","HBV_A_S","F","F","0",0,"syn"
"814",814,0,"t","HBV_A_S","F","L","0",0,"nonsyn"
"815",815,0.00380228136882129,"t","HBV_A_S","F","S","1",0,"nonsyn"
"816",816,0.00380228136882129,"t","HBV_A_S","F","F","0",0,"syn"
"817",817,0,"t","HBV_A_S","C","R","1",1,"nonsyn"
"818",818,0.00380228136882129,"g","HBV_A_S","C","Y","1",0,"nonsyn"
"819",819,0,"t","HBV_A_S","C","C","0",0,"syn"
"820",820,0,"c","HBV_A_S","L","F","0",0,"nonsyn"
"821",821,0,"t","HBV_A_S","L","P","1",0,"nonsyn"
"822",822,0.140684410646388,"t","HBV_A_S","L","L","0",0,"syn"
"823",823,0,"t","HBV_A_S","W","R","1",1,"nonsyn"
"824",824,0,"g","HBV_A_S","W","*","1",0,"nonsense"
"825",825,0,"g","HBV_A_S","W","*","1",0,"nonsense"
"826",826,0,"g","HBV_A_S","V","I","0",0,"nonsyn"
"827",827,0.155893536121673,"t","HBV_A_S","V","A","0",0,"nonsyn"
"828",828,0.00760456273764259,"a","HBV_A_S","V","V","0",0,"syn"
"829",829,0,"t","HBV_A_S","Y","H","1",0,"nonsyn"
"830",830,0,"a","HBV_A_S","Y","C","1",0,"nonsyn"
"831",831,0,"c","HBV_A_S","Y","Y","0",0,"syn"
"832",832,0,"a","HBV_A_S","I","V","0",1,"nonsyn"
"833",833,0,"t","HBV_A_S","I","T","1",0,"nonsyn"
"834",834,0.0342205323193916,"t","HBV_A_S","I","I","0",0,"syn"
"835",835,0,"t","HBV_A_S","*","Q","1",0,"nonsyn"
"836",836,0.026615969581749,"a","HBV_A_S","*","*","0",0,"syn"
"837",837,0,"a","HBV_A_S","*","*","0",0,"syn"
